-- phpMyAdmin SQL Dump
-- version 4.5.4.1deb2ubuntu2.1
-- http://www.phpmyadmin.net
--
-- Host: localhost
-- Generation Time: Feb 11, 2019 at 03:25 PM
-- Server version: 5.7.25-0ubuntu0.16.04.2
-- PHP Version: 7.2.14-1+ubuntu16.04.1+deb.sury.org+1

SET SQL_MODE = "NO_AUTO_VALUE_ON_ZERO";
SET time_zone = "+00:00";


/*!40101 SET @OLD_CHARACTER_SET_CLIENT=@@CHARACTER_SET_CLIENT */;
/*!40101 SET @OLD_CHARACTER_SET_RESULTS=@@CHARACTER_SET_RESULTS */;
/*!40101 SET @OLD_COLLATION_CONNECTION=@@COLLATION_CONNECTION */;
/*!40101 SET NAMES utf8mb4 */;

--
-- Database: `db_services`
--

-- --------------------------------------------------------

--
-- Table structure for table `authentication`
--

CREATE TABLE `authentication` (
  `id` bigint(18) NOT NULL,
  `clientID` bigint(80) NOT NULL,
  `publickey` varchar(500) NOT NULL,
  `privatekey` varchar(500) NOT NULL
) ENGINE=InnoDB DEFAULT CHARSET=latin1;

--
-- Dumping data for table `authentication`
--

INSERT INTO `authentication` (`id`, `clientID`, `publickey`, `privatekey`) VALUES
(1, 15, '1470585354', '56bc04f6bd7c15a3478d75db6aaecb4feda779a53a394faba30de191d5b17a0b25dbc5a70d43c6d2f2470b4c1fddafce414272b325f0b52f5e7a24783b80554cKSewC8LlYgVtER7vdUUdj6YGAl/OMDLM8oA='),
(2, 149, '1802289148', 'e0676f93dd06a63bb84e40ef0820820e18ed0df0440bf085d89f7ce49e973922e2249b4a93f7874f01698136c84c8a8d2e5bdda1f4125df052a369cd024674f7Kz3Dz1IaZDZBjnmg+caaNyO01/INHEDm2uc='),
(3, 155, '985373692', '103f2333ca3223623ad20a72bd19add3f36c3f18a77dc31799438ca7d46dc2c9e5c3ba096ceb5063b364bdc091b43b374fb61c781ead3e989d0e9f7b3b4ea324sSLG0Reb5UL/Hfl6QwdWFH9G6geBM1DY3w==');

-- --------------------------------------------------------

--
-- Table structure for table `benchmarking`
--

CREATE TABLE `benchmarking` (
  `id` bigint(18) NOT NULL,
  `commandID` int(18) NOT NULL,
  `clientID` bigint(80) NOT NULL,
  `command` varchar(500) NOT NULL,
  `label` varchar(500) NOT NULL,
  `status` varchar(500) NOT NULL
) ENGINE=InnoDB DEFAULT CHARSET=latin1;

--
-- Dumping data for table `benchmarking`
--

INSERT INTO `benchmarking` (`id`, `commandID`, `clientID`, `command`, `label`, `status`) VALUES
(0, 1, 149, 'sysctl net.ipv4.ip_forward', 'na', 'NA'),
(0, 2, 149, 'sysctl net.ipv4.conf.all.send_redirects\n', 'na', 'NA'),
(0, 3, 149, 'sysctl net.ipv4.conf.default.send_redirects', 'na', 'NA'),
(0, 4, 149, 'sysctl net.ipv4.conf.all.accept_source_route', 'na', 'NA'),
(0, 5, 149, 'sysctl net.ipv4.conf.default.accept_source_route', 'na', 'NA'),
(0, 6, 149, 'sysctl net.ipv4.conf.all.accept_redirects', 'na', 'NA'),
(0, 7, 149, 'sysctl net.ipv4.conf.default.accept_redirects', 'na', 'NA'),
(0, 8, 149, 'sysctl net.ipv4.conf.all.secure_redirects', 'na', 'NA'),
(0, 9, 149, 'sysctl net.ipv4.conf.default.secure_redirects', 'na', 'NA'),
(0, 10, 149, 'sysctl net.ipv4.conf.all.log_martians', 'na', 'NA'),
(0, 11, 149, 'sysctl net.ipv4.conf.default.log_martians', 'na', 'NA'),
(0, 12, 149, 'sysctl net.ipv4.icmp_echo_ignore_broadcasts', 'na', 'NA'),
(0, 13, 149, 'sysctl net.ipv4.icmp_ignore_bogus_error_responses', 'na', 'NA'),
(0, 14, 149, 'sysctl net.ipv4.conf.all.rp_filter', 'na', 'NA'),
(0, 15, 149, 'sysctl net.ipv4.conf.default.rp_filter', 'na', 'NA'),
(0, 16, 149, 'sysctl net.ipv4.tcp_syncookies', 'na', 'NA'),
(0, 17, 149, 'sysctl net.ipv6.conf.all.accept_ra', 'na', 'NA'),
(0, 18, 149, 'sysctl net.ipv6.conf.default.accept_ra', 'na', 'NA'),
(0, 19, 149, 'sysctl net.ipv6.conf.all.accept_redirects', 'na', 'NA'),
(0, 20, 149, 'sysctl net.ipv6.conf.default.accept_redirects', 'na', 'NA'),
(0, 21, 149, 'dpkg -s tcpd', 'na', 'NA'),
(0, 22, 149, 'apt-get install tcpd', 'na', 'NA'),
(0, 92, 149, 'cat /etc/hosts.allow', 'na', 'NA'),
(0, 23, 149, 'echo "ALL: <net>/<mask>" /etc/hosts.allow', 'na', 'NA'),
(0, 93, 149, '# cat /etc/hosts.deny', 'na', 'NA'),
(0, 24, 149, 'stat /etc/hosts.allow', 'na', 'NA'),
(0, 25, 149, 'stat /etc/hosts.deny', 'na', 'NA'),
(0, 26, 149, 'modprobe -n -v dccp', 'na', 'NA'),
(0, 27, 149, 'modprobe -n -v sctp', 'na', 'NA'),
(0, 28, 149, 'modprobe -n -v rds', 'na', 'NA'),
(0, 29, 149, 'modprobe -n -v tipc', 'na', 'NA'),
(0, 30, 149, 'dpkg -s iptables', 'na', 'NA'),
(0, 31, 149, 'iptables -L', 'na', 'NA'),
(0, 32, 149, 'iptables -L INPUT -v -n                                             \niptables -L OUTPUT -v -n', 'na', 'NA'),
(0, 94, 149, 'iptables -L -v -n', 'na', 'NA'),
(0, 33, 149, 'netstat -ln', 'na', 'NA'),
(0, 34, 149, 'iwconfig', 'na', 'NA'),
(0, 95, 149, ' ip link show up', 'na', 'NA'),
(0, 35, 149, 'stat /etc/crontab', 'na', 'NA'),
(0, 42, 149, 'stat /etc/cron.hourly', 'na', 'NA'),
(0, 43, 149, 'stat  /etc/cron.daily', 'na', 'NA'),
(0, 44, 149, 'stat /etc/cron.weekly', 'na', 'NA'),
(0, 45, 149, 'stat /etc/cron.monthly', 'na', 'NA'),
(0, 46, 149, 'stat /etc/cron.d', 'na', 'NA'),
(0, 96, 149, 'stat /etc/cron.deny                                                 \nstat /etc/at.deny', 'na', 'NA'),
(0, 47, 149, 'stat /etc/cron.allow                                                 \nstat /etc/at.allow', 'na', 'NA'),
(0, 48, 149, ' stat /etc/ssh/sshd_config', 'na', 'NA'),
(0, 49, 149, ' grep "^Protocol" /etc/ssh/sshd_config', 'na', 'NA'),
(0, 50, 149, 'grep "^LogLevel" /etc/ssh/sshd_config', 'na', 'NA'),
(0, 51, 149, 'grep "^X11Forwarding" /etc/ssh/sshd_config', 'na', 'NA'),
(0, 52, 149, 'grep "^MaxAuthTries" /etc/ssh/sshd_config', 'na', 'NA'),
(0, 53, 149, 'grep "^IgnoreRhosts" /etc/ssh/sshd_config', 'na', 'NA'),
(0, 54, 149, 'grep "^HostbasedAuthentication" /etc/ssh/sshd_config', 'na', 'NA'),
(0, 55, 149, 'grep "^PermitRootLogin" /etc/ssh/sshd_config', 'na', 'NA'),
(0, 56, 149, 'grep "^PermitEmptyPasswords" /etc/ssh/sshd_config', 'na', 'NA'),
(0, 57, 149, 'grep PermitUserEnvironment /etc/ssh/sshd_config', 'na', 'NA'),
(0, 58, 149, 'grep "MACs" /etc/ssh/sshd_config', 'na', 'NA'),
(0, 59, 149, 'grep "^ClientAliveInterval" /etc/ssh/sshd_config                      \ngrep "^ClientAliveCountMax" /etc/ssh/sshd_config\n', 'na', 'NA'),
(0, 60, 149, 'grep "^LoginGraceTime" /etc/ssh/sshd_config', 'na', 'NA'),
(0, 61, 149, 'grep "^AllowUsers" /etc/ssh/sshd_config                                \ngrep "^AllowGroups" /etc/ssh/sshd_config                                           ', 'na', 'NA'),
(0, 62, 149, 'grep "^DenyUsers" /etc/ssh/sshd_config                                  \ngrep "^DenyGroups" /etc/ssh/sshd_config                                           ', 'na', 'NA'),
(0, 63, 149, 'grep "^Banner" /etc/ssh/sshd_config', 'na', 'NA'),
(0, 64, 149, 'grep pam_pwquality.so /etc/pam.d/common-password', 'na', 'NA'),
(0, 65, 149, 'grep ^minlen /etc/security/pwquality.conf', 'na', 'NA'),
(0, 66, 149, 'grep ^dcredit /etc/security/pwquality.conf', 'na', 'NA'),
(0, 67, 149, 'grep ^lcredit /etc/security/pwquality.conf', 'na', 'NA'),
(0, 68, 149, 'grep ^ocredit /etc/security/pwquality.conf', 'na', 'NA'),
(0, 69, 149, 'grep ^ucredit /etc/security/pwquality.conf', 'na', 'NA'),
(0, 70, 149, 'grep "pam_tally2" /etc/pam.d/common-auth', 'na', 'NA'),
(0, 71, 149, 'egrep \'^password\\s+sufficient\\s+pam_unix.so\' /etc/pam.d/common-password', 'na', 'NA'),
(0, 72, 149, 'egrep \'^password\\s+\\S+\\s_pam_unix.so\' /etc/pam.d/common-password', 'na', 'NA'),
(0, 73, 149, 'grep PASS_MAX_DAYS /etc/login.defs', 'na', 'NA'),
(0, 74, 149, 'grep PASS_MIN_DAYS /etc/login.defs', 'na', 'NA'),
(0, 75, 149, 'grep PASS_WARN_AGE /etc/login.defs', 'na', 'NA'),
(0, 76, 149, 'useradd -D | grep INACTIVE', 'na', 'NA'),
(0, 77, 149, 'egrep -v "^\\+" /etc/passwd | awk -F: \'($1!="root" && $1!="sync" && $1!="shutdown" && $1!="halt" && $3<1000 && $7!="/usr/sbin/nologin" && $7!="/bin/false") {print}\'', 'na', 'NA'),
(0, 78, 149, ' grep "^root:" /etc/passwd | cut -f4 -d:', 'na', 'NA'),
(0, 79, 149, 'grep "^umask" /etc/bash.bashrc', 'na', 'NA'),
(0, 97, 149, 'cat /etc/securetty', 'na', 'NA'),
(0, 98, 149, ' grep pam wheel.so /etc/pam.d/su', 'na', 'NA'),
(0, 80, 149, 'dpkg -S /bin/bash', 'na', 'NA'),
(0, 81, 149, 'dpkg --verify bash', 'na', 'NA'),
(0, 82, 149, ' stat /etc/passwd', 'na', 'NA'),
(0, 83, 149, 'stat /etc/shadow', 'na', 'NA'),
(0, 84, 149, 'stat /etc/group', 'na', 'NA'),
(0, 85, 149, 'stat /etc/gshadow', 'na', 'NA'),
(0, 86, 149, 'stat /etc/passwd\n-', 'na', 'NA'),
(0, 87, 149, 'stat /etc/shadow-', 'na', 'NA'),
(0, 88, 149, 'stat /etc/group-', 'na', 'NA'),
(0, 89, 149, 'stat /etc/gshadow-', 'na', 'NA'),
(0, 90, 149, ' df --local -P |awk {\'if(NR!=1) print $6\'}| xargs -I \'{}\' find -xdev -type f-perm -0002', 'na', 'NA'),
(0, 91, 149, 'df --local -P | awk {\'if (NR!=1) print $6\'} | xargs -I \'{ }\' find \'{ }\' -xdev -nouser', 'na', 'NA'),
(0, 99, 149, 'df --local -P | awk {\'if (NR!=1) print $6\'} | xargs -I \'{}\' find \'{}\' -xdev -nogroup', 'na', 'NA'),
(0, 100, 149, 'df --local -P | awk {\'if (NR!=1) print $6\'} | xargs -I \'{}\' find \'{}\' -xdev -type f-perm -4000', 'na', 'NA'),
(0, 101, 149, 'cat /etc/shadow | awk -F: \'($2 == "" ) { print $1 " does not have a password "}\'', 'na', 'NA'),
(0, 102, 149, '# systemctl is-enabled rsyslog enabled', 'na', 'NA'),
(0, 103, 149, '# ls -l /var/log/', 'na', 'NA'),
(0, 104, 149, '# grep ^\\$FileCreateMode /etc/rsyslog.conf', 'na', 'NA'),
(0, 105, 149, '# grep "^*.*[^I][^I]*@" /etc/rsyslog.conf *.* @@loghost.example.com', 'na', 'NA'),
(0, 106, 149, '# grep \'$ModLoad imtcp.so\' /etc/rsyslog.conf $ModLoad imtcp.so # grep \'$InputTCPServerRun\' /etc/rsyslog.conf $InputTCPServerRun 514', 'na', 'NA'),
(0, 107, 149, '# systemctl is-enabled syslog-ng enabled', 'na', 'NA'),
(0, 108, 149, '# ls -l /var/log/', 'na', 'NA'),
(0, 109, 149, '# grep ^options /etc/syslog-ng/syslog-ng.conf options { chain_hostnames(off); flush_lines(0); perm(0640); stats_freq(3600); threaded(yes); };', 'na', 'NA'),
(0, 110, 149, 'destination logserver { tcp("logfile.example.com" port(514)); }; log { source(src); destination(logserver); };', 'na', 'NA'),
(0, 111, 149, 'source net{ tcp(); }; destination remote { file("/var/log/remote/${FULLHOST}-log"); }; log { source(net); destination(remote); };', 'na', 'NA'),
(0, 112, 149, '# dpkg -s rsyslog # dpkg -s syslog-ng', 'na', 'NA'),
(0, 113, 149, '# find /var/log -type f -ls', 'na', 'NA'),
(0, 114, 149, 'Review /etc/logrotate.conf and /etc/logrotate.d/* and verify logs are rotated according to site policy', 'na', 'NA'),
(0, 1, 150, 'sysctl net.ipv4.ip_forward', 'na', 'NA'),
(0, 2, 150, 'sysctl net.ipv4.conf.all.send_redirects\n', 'na', 'NA'),
(0, 3, 150, 'sysctl net.ipv4.conf.default.send_redirects', 'na', 'NA'),
(0, 4, 150, 'sysctl net.ipv4.conf.all.accept_source_route', 'na', 'NA'),
(0, 5, 150, 'sysctl net.ipv4.conf.default.accept_source_route', 'na', 'NA'),
(0, 6, 150, 'sysctl net.ipv4.conf.all.accept_redirects', 'na', 'NA'),
(0, 7, 150, 'sysctl net.ipv4.conf.default.accept_redirects', 'na', 'NA'),
(0, 8, 150, 'sysctl net.ipv4.conf.all.secure_redirects', 'na', 'NA'),
(0, 9, 150, 'sysctl net.ipv4.conf.default.secure_redirects', 'na', 'NA'),
(0, 10, 150, 'sysctl net.ipv4.conf.all.log_martians', 'na', 'NA'),
(0, 11, 150, 'sysctl net.ipv4.conf.default.log_martians', 'na', 'NA'),
(0, 12, 150, 'sysctl net.ipv4.icmp_echo_ignore_broadcasts', 'na', 'NA'),
(0, 13, 150, 'sysctl net.ipv4.icmp_ignore_bogus_error_responses', 'na', 'NA'),
(0, 14, 150, 'sysctl net.ipv4.conf.all.rp_filter', 'na', 'NA'),
(0, 15, 150, 'sysctl net.ipv4.conf.default.rp_filter', 'na', 'NA'),
(0, 16, 150, 'sysctl net.ipv4.tcp_syncookies', 'na', 'NA'),
(0, 17, 150, 'sysctl net.ipv6.conf.all.accept_ra', 'na', 'NA'),
(0, 18, 150, 'sysctl net.ipv6.conf.default.accept_ra', 'na', 'NA'),
(0, 19, 150, 'sysctl net.ipv6.conf.all.accept_redirects', 'na', 'NA'),
(0, 20, 150, 'sysctl net.ipv6.conf.default.accept_redirects', 'na', 'NA'),
(0, 21, 150, 'dpkg -s tcpd', 'na', 'NA'),
(0, 22, 150, 'apt-get install tcpd', 'na', 'NA'),
(0, 92, 150, 'cat /etc/hosts.allow', 'na', 'NA'),
(0, 23, 150, 'echo "ALL: <net>/<mask>" /etc/hosts.allow', 'na', 'NA'),
(0, 93, 150, '# cat /etc/hosts.deny', 'na', 'NA'),
(0, 24, 150, 'stat /etc/hosts.allow', 'na', 'NA'),
(0, 25, 150, 'stat /etc/hosts.deny', 'na', 'NA'),
(0, 26, 150, 'modprobe -n -v dccp', 'na', 'NA'),
(0, 27, 150, 'modprobe -n -v sctp', 'na', 'NA'),
(0, 28, 150, 'modprobe -n -v rds', 'na', 'NA'),
(0, 29, 150, 'modprobe -n -v tipc', 'na', 'NA'),
(0, 30, 150, 'dpkg -s iptables', 'na', 'NA'),
(0, 31, 150, 'iptables -L', 'na', 'NA'),
(0, 32, 150, 'iptables -L INPUT -v -n                                             \niptables -L OUTPUT -v -n', 'na', 'NA'),
(0, 94, 150, 'iptables -L -v -n', 'na', 'NA'),
(0, 33, 150, 'netstat -ln', 'na', 'NA'),
(0, 34, 150, 'iwconfig', 'na', 'NA'),
(0, 95, 150, ' ip link show up', 'na', 'NA'),
(0, 35, 150, 'stat /etc/crontab', 'na', 'NA'),
(0, 42, 150, 'stat /etc/cron.hourly', 'na', 'NA'),
(0, 43, 150, 'stat  /etc/cron.daily', 'na', 'NA'),
(0, 44, 150, 'stat /etc/cron.weekly', 'na', 'NA'),
(0, 45, 150, 'stat /etc/cron.monthly', 'na', 'NA'),
(0, 46, 150, 'stat /etc/cron.d', 'na', 'NA'),
(0, 96, 150, 'stat /etc/cron.deny                                                 \nstat /etc/at.deny', 'na', 'NA'),
(0, 47, 150, 'stat /etc/cron.allow                                                 \nstat /etc/at.allow', 'na', 'NA'),
(0, 48, 150, ' stat /etc/ssh/sshd_config', 'na', 'NA'),
(0, 49, 150, ' grep "^Protocol" /etc/ssh/sshd_config', 'na', 'NA'),
(0, 50, 150, 'grep "^LogLevel" /etc/ssh/sshd_config', 'na', 'NA'),
(0, 51, 150, 'grep "^X11Forwarding" /etc/ssh/sshd_config', 'na', 'NA'),
(0, 52, 150, 'grep "^MaxAuthTries" /etc/ssh/sshd_config', 'na', 'NA'),
(0, 53, 150, 'grep "^IgnoreRhosts" /etc/ssh/sshd_config', 'na', 'NA'),
(0, 54, 150, 'grep "^HostbasedAuthentication" /etc/ssh/sshd_config', 'na', 'NA'),
(0, 55, 150, 'grep "^PermitRootLogin" /etc/ssh/sshd_config', 'na', 'NA'),
(0, 56, 150, 'grep "^PermitEmptyPasswords" /etc/ssh/sshd_config', 'na', 'NA'),
(0, 57, 150, 'grep PermitUserEnvironment /etc/ssh/sshd_config', 'na', 'NA'),
(0, 58, 150, 'grep "MACs" /etc/ssh/sshd_config', 'na', 'NA'),
(0, 59, 150, 'grep "^ClientAliveInterval" /etc/ssh/sshd_config                      \ngrep "^ClientAliveCountMax" /etc/ssh/sshd_config\n', 'na', 'NA'),
(0, 60, 150, 'grep "^LoginGraceTime" /etc/ssh/sshd_config', 'na', 'NA'),
(0, 61, 150, 'grep "^AllowUsers" /etc/ssh/sshd_config                                \ngrep "^AllowGroups" /etc/ssh/sshd_config                                           ', 'na', 'NA'),
(0, 62, 150, 'grep "^DenyUsers" /etc/ssh/sshd_config                                  \ngrep "^DenyGroups" /etc/ssh/sshd_config                                           ', 'na', 'NA'),
(0, 63, 150, 'grep "^Banner" /etc/ssh/sshd_config', 'na', 'NA'),
(0, 64, 150, 'grep pam_pwquality.so /etc/pam.d/common-password', 'na', 'NA'),
(0, 65, 150, 'grep ^minlen /etc/security/pwquality.conf', 'na', 'NA'),
(0, 66, 150, 'grep ^dcredit /etc/security/pwquality.conf', 'na', 'NA'),
(0, 67, 150, 'grep ^lcredit /etc/security/pwquality.conf', 'na', 'NA'),
(0, 68, 150, 'grep ^ocredit /etc/security/pwquality.conf', 'na', 'NA'),
(0, 69, 150, 'grep ^ucredit /etc/security/pwquality.conf', 'na', 'NA'),
(0, 70, 150, 'grep "pam_tally2" /etc/pam.d/common-auth', 'na', 'NA'),
(0, 71, 150, 'egrep \'^password\\s+sufficient\\s+pam_unix.so\' /etc/pam.d/common-password', 'na', 'NA'),
(0, 72, 150, 'egrep \'^password\\s+\\S+\\s_pam_unix.so\' /etc/pam.d/common-password', 'na', 'NA'),
(0, 73, 150, 'grep PASS_MAX_DAYS /etc/login.defs', 'na', 'NA'),
(0, 74, 150, 'grep PASS_MIN_DAYS /etc/login.defs', 'na', 'NA'),
(0, 75, 150, 'grep PASS_WARN_AGE /etc/login.defs', 'na', 'NA'),
(0, 76, 150, 'useradd -D | grep INACTIVE', 'na', 'NA'),
(0, 77, 150, 'egrep -v "^\\+" /etc/passwd | awk -F: \'($1!="root" && $1!="sync" && $1!="shutdown" && $1!="halt" && $3<1000 && $7!="/usr/sbin/nologin" && $7!="/bin/false") {print}\'', 'na', 'NA'),
(0, 78, 150, ' grep "^root:" /etc/passwd | cut -f4 -d:', 'na', 'NA'),
(0, 79, 150, 'grep "^umask" /etc/bash.bashrc', 'na', 'NA'),
(0, 97, 150, 'cat /etc/securetty', 'na', 'NA'),
(0, 98, 150, ' grep pam wheel.so /etc/pam.d/su', 'na', 'NA'),
(0, 80, 150, 'dpkg -S /bin/bash', 'na', 'NA'),
(0, 81, 150, 'dpkg --verify bash', 'na', 'NA'),
(0, 82, 150, ' stat /etc/passwd', 'na', 'NA'),
(0, 83, 150, 'stat /etc/shadow', 'na', 'NA'),
(0, 84, 150, 'stat /etc/group', 'na', 'NA'),
(0, 85, 150, 'stat /etc/gshadow', 'na', 'NA'),
(0, 86, 150, 'stat /etc/passwd\n-', 'na', 'NA'),
(0, 87, 150, 'stat /etc/shadow-', 'na', 'NA'),
(0, 88, 150, 'stat /etc/group-', 'na', 'NA'),
(0, 89, 150, 'stat /etc/gshadow-', 'na', 'NA'),
(0, 90, 150, ' df --local -P |awk {\'if(NR!=1) print $6\'}| xargs -I \'{}\' find -xdev -type f-perm -0002', 'na', 'NA'),
(0, 91, 150, 'df --local -P | awk {\'if (NR!=1) print $6\'} | xargs -I \'{ }\' find \'{ }\' -xdev -nouser', 'na', 'NA'),
(0, 99, 150, 'df --local -P | awk {\'if (NR!=1) print $6\'} | xargs -I \'{}\' find \'{}\' -xdev -nogroup', 'na', 'NA'),
(0, 100, 150, 'df --local -P | awk {\'if (NR!=1) print $6\'} | xargs -I \'{}\' find \'{}\' -xdev -type f-perm -4000', 'na', 'NA'),
(0, 101, 150, 'cat /etc/shadow | awk -F: \'($2 == "" ) { print $1 " does not have a password "}\'', 'na', 'NA'),
(0, 102, 150, '# systemctl is-enabled rsyslog enabled', 'na', 'NA'),
(0, 103, 150, '# ls -l /var/log/', 'na', 'NA'),
(0, 104, 150, '# grep ^\\$FileCreateMode /etc/rsyslog.conf', 'na', 'NA'),
(0, 105, 150, '# grep "^*.*[^I][^I]*@" /etc/rsyslog.conf *.* @@loghost.example.com', 'na', 'NA'),
(0, 106, 150, '# grep \'$ModLoad imtcp.so\' /etc/rsyslog.conf $ModLoad imtcp.so # grep \'$InputTCPServerRun\' /etc/rsyslog.conf $InputTCPServerRun 514', 'na', 'NA'),
(0, 107, 150, '# systemctl is-enabled syslog-ng enabled', 'na', 'NA'),
(0, 108, 150, '# ls -l /var/log/', 'na', 'NA'),
(0, 109, 150, '# grep ^options /etc/syslog-ng/syslog-ng.conf options { chain_hostnames(off); flush_lines(0); perm(0640); stats_freq(3600); threaded(yes); };', 'na', 'NA'),
(0, 110, 150, 'destination logserver { tcp("logfile.example.com" port(514)); }; log { source(src); destination(logserver); };', 'na', 'NA'),
(0, 111, 150, 'source net{ tcp(); }; destination remote { file("/var/log/remote/${FULLHOST}-log"); }; log { source(net); destination(remote); };', 'na', 'NA'),
(0, 112, 150, '# dpkg -s rsyslog # dpkg -s syslog-ng', 'na', 'NA'),
(0, 113, 150, '# find /var/log -type f -ls', 'na', 'NA'),
(0, 114, 150, 'Review /etc/logrotate.conf and /etc/logrotate.d/* and verify logs are rotated according to site policy', 'na', 'NA'),
(0, 1, 151, 'sysctl net.ipv4.ip_forward', 'na', 'NA'),
(0, 2, 151, 'sysctl net.ipv4.conf.all.send_redirects\n', 'na', 'NA'),
(0, 3, 151, 'sysctl net.ipv4.conf.default.send_redirects', 'na', 'NA'),
(0, 4, 151, 'sysctl net.ipv4.conf.all.accept_source_route', 'na', 'NA'),
(0, 5, 151, 'sysctl net.ipv4.conf.default.accept_source_route', 'na', 'NA'),
(0, 6, 151, 'sysctl net.ipv4.conf.all.accept_redirects', 'na', 'NA'),
(0, 7, 151, 'sysctl net.ipv4.conf.default.accept_redirects', 'na', 'NA'),
(0, 8, 151, 'sysctl net.ipv4.conf.all.secure_redirects', 'na', 'NA'),
(0, 9, 151, 'sysctl net.ipv4.conf.default.secure_redirects', 'na', 'NA'),
(0, 10, 151, 'sysctl net.ipv4.conf.all.log_martians', 'na', 'NA'),
(0, 11, 151, 'sysctl net.ipv4.conf.default.log_martians', 'na', 'NA'),
(0, 12, 151, 'sysctl net.ipv4.icmp_echo_ignore_broadcasts', 'na', 'NA'),
(0, 13, 151, 'sysctl net.ipv4.icmp_ignore_bogus_error_responses', 'na', 'NA'),
(0, 14, 151, 'sysctl net.ipv4.conf.all.rp_filter', 'na', 'NA'),
(0, 15, 151, 'sysctl net.ipv4.conf.default.rp_filter', 'na', 'NA'),
(0, 16, 151, 'sysctl net.ipv4.tcp_syncookies', 'na', 'NA'),
(0, 17, 151, 'sysctl net.ipv6.conf.all.accept_ra', 'na', 'NA'),
(0, 18, 151, 'sysctl net.ipv6.conf.default.accept_ra', 'na', 'NA'),
(0, 19, 151, 'sysctl net.ipv6.conf.all.accept_redirects', 'na', 'NA'),
(0, 20, 151, 'sysctl net.ipv6.conf.default.accept_redirects', 'na', 'NA'),
(0, 21, 151, 'dpkg -s tcpd', 'na', 'NA'),
(0, 22, 151, 'apt-get install tcpd', 'na', 'NA'),
(0, 92, 151, 'cat /etc/hosts.allow', 'na', 'NA'),
(0, 23, 151, 'echo "ALL: <net>/<mask>" /etc/hosts.allow', 'na', 'NA'),
(0, 93, 151, '# cat /etc/hosts.deny', 'na', 'NA'),
(0, 24, 151, 'stat /etc/hosts.allow', 'na', 'NA'),
(0, 25, 151, 'stat /etc/hosts.deny', 'na', 'NA'),
(0, 26, 151, 'modprobe -n -v dccp', 'na', 'NA'),
(0, 27, 151, 'modprobe -n -v sctp', 'na', 'NA'),
(0, 28, 151, 'modprobe -n -v rds', 'na', 'NA'),
(0, 29, 151, 'modprobe -n -v tipc', 'na', 'NA'),
(0, 30, 151, 'dpkg -s iptables', 'na', 'NA'),
(0, 31, 151, 'iptables -L', 'na', 'NA'),
(0, 32, 151, 'iptables -L INPUT -v -n                                             \niptables -L OUTPUT -v -n', 'na', 'NA'),
(0, 94, 151, 'iptables -L -v -n', 'na', 'NA'),
(0, 33, 151, 'netstat -ln', 'na', 'NA'),
(0, 34, 151, 'iwconfig', 'na', 'NA'),
(0, 95, 151, ' ip link show up', 'na', 'NA'),
(0, 35, 151, 'stat /etc/crontab', 'na', 'NA'),
(0, 42, 151, 'stat /etc/cron.hourly', 'na', 'NA'),
(0, 43, 151, 'stat  /etc/cron.daily', 'na', 'NA'),
(0, 44, 151, 'stat /etc/cron.weekly', 'na', 'NA'),
(0, 45, 151, 'stat /etc/cron.monthly', 'na', 'NA'),
(0, 46, 151, 'stat /etc/cron.d', 'na', 'NA'),
(0, 96, 151, 'stat /etc/cron.deny                                                 \nstat /etc/at.deny', 'na', 'NA'),
(0, 47, 151, 'stat /etc/cron.allow                                                 \nstat /etc/at.allow', 'na', 'NA'),
(0, 48, 151, ' stat /etc/ssh/sshd_config', 'na', 'NA'),
(0, 49, 151, ' grep "^Protocol" /etc/ssh/sshd_config', 'na', 'NA'),
(0, 50, 151, 'grep "^LogLevel" /etc/ssh/sshd_config', 'na', 'NA'),
(0, 51, 151, 'grep "^X11Forwarding" /etc/ssh/sshd_config', 'na', 'NA'),
(0, 52, 151, 'grep "^MaxAuthTries" /etc/ssh/sshd_config', 'na', 'NA'),
(0, 53, 151, 'grep "^IgnoreRhosts" /etc/ssh/sshd_config', 'na', 'NA'),
(0, 54, 151, 'grep "^HostbasedAuthentication" /etc/ssh/sshd_config', 'na', 'NA'),
(0, 55, 151, 'grep "^PermitRootLogin" /etc/ssh/sshd_config', 'na', 'NA'),
(0, 56, 151, 'grep "^PermitEmptyPasswords" /etc/ssh/sshd_config', 'na', 'NA'),
(0, 57, 151, 'grep PermitUserEnvironment /etc/ssh/sshd_config', 'na', 'NA'),
(0, 58, 151, 'grep "MACs" /etc/ssh/sshd_config', 'na', 'NA'),
(0, 59, 151, 'grep "^ClientAliveInterval" /etc/ssh/sshd_config                      \ngrep "^ClientAliveCountMax" /etc/ssh/sshd_config\n', 'na', 'NA'),
(0, 60, 151, 'grep "^LoginGraceTime" /etc/ssh/sshd_config', 'na', 'NA'),
(0, 61, 151, 'grep "^AllowUsers" /etc/ssh/sshd_config                                \ngrep "^AllowGroups" /etc/ssh/sshd_config                                           ', 'na', 'NA'),
(0, 62, 151, 'grep "^DenyUsers" /etc/ssh/sshd_config                                  \ngrep "^DenyGroups" /etc/ssh/sshd_config                                           ', 'na', 'NA'),
(0, 63, 151, 'grep "^Banner" /etc/ssh/sshd_config', 'na', 'NA'),
(0, 64, 151, 'grep pam_pwquality.so /etc/pam.d/common-password', 'na', 'NA'),
(0, 65, 151, 'grep ^minlen /etc/security/pwquality.conf', 'na', 'NA'),
(0, 66, 151, 'grep ^dcredit /etc/security/pwquality.conf', 'na', 'NA'),
(0, 67, 151, 'grep ^lcredit /etc/security/pwquality.conf', 'na', 'NA'),
(0, 68, 151, 'grep ^ocredit /etc/security/pwquality.conf', 'na', 'NA'),
(0, 69, 151, 'grep ^ucredit /etc/security/pwquality.conf', 'na', 'NA'),
(0, 70, 151, 'grep "pam_tally2" /etc/pam.d/common-auth', 'na', 'NA'),
(0, 71, 151, 'egrep \'^password\\s+sufficient\\s+pam_unix.so\' /etc/pam.d/common-password', 'na', 'NA'),
(0, 72, 151, 'egrep \'^password\\s+\\S+\\s_pam_unix.so\' /etc/pam.d/common-password', 'na', 'NA'),
(0, 73, 151, 'grep PASS_MAX_DAYS /etc/login.defs', 'na', 'NA'),
(0, 74, 151, 'grep PASS_MIN_DAYS /etc/login.defs', 'na', 'NA'),
(0, 75, 151, 'grep PASS_WARN_AGE /etc/login.defs', 'na', 'NA'),
(0, 76, 151, 'useradd -D | grep INACTIVE', 'na', 'NA'),
(0, 77, 151, 'egrep -v "^\\+" /etc/passwd | awk -F: \'($1!="root" && $1!="sync" && $1!="shutdown" && $1!="halt" && $3<1000 && $7!="/usr/sbin/nologin" && $7!="/bin/false") {print}\'', 'na', 'NA'),
(0, 78, 151, ' grep "^root:" /etc/passwd | cut -f4 -d:', 'na', 'NA'),
(0, 79, 151, 'grep "^umask" /etc/bash.bashrc', 'na', 'NA'),
(0, 97, 151, 'cat /etc/securetty', 'na', 'NA'),
(0, 98, 151, ' grep pam wheel.so /etc/pam.d/su', 'na', 'NA'),
(0, 80, 151, 'dpkg -S /bin/bash', 'na', 'NA'),
(0, 81, 151, 'dpkg --verify bash', 'na', 'NA'),
(0, 82, 151, ' stat /etc/passwd', 'na', 'NA'),
(0, 83, 151, 'stat /etc/shadow', 'na', 'NA'),
(0, 84, 151, 'stat /etc/group', 'na', 'NA'),
(0, 85, 151, 'stat /etc/gshadow', 'na', 'NA'),
(0, 86, 151, 'stat /etc/passwd\n-', 'na', 'NA'),
(0, 87, 151, 'stat /etc/shadow-', 'na', 'NA'),
(0, 88, 151, 'stat /etc/group-', 'na', 'NA'),
(0, 89, 151, 'stat /etc/gshadow-', 'na', 'NA'),
(0, 90, 151, ' df --local -P |awk {\'if(NR!=1) print $6\'}| xargs -I \'{}\' find -xdev -type f-perm -0002', 'na', 'NA'),
(0, 91, 151, 'df --local -P | awk {\'if (NR!=1) print $6\'} | xargs -I \'{ }\' find \'{ }\' -xdev -nouser', 'na', 'NA'),
(0, 99, 151, 'df --local -P | awk {\'if (NR!=1) print $6\'} | xargs -I \'{}\' find \'{}\' -xdev -nogroup', 'na', 'NA'),
(0, 100, 151, 'df --local -P | awk {\'if (NR!=1) print $6\'} | xargs -I \'{}\' find \'{}\' -xdev -type f-perm -4000', 'na', 'NA'),
(0, 101, 151, 'cat /etc/shadow | awk -F: \'($2 == "" ) { print $1 " does not have a password "}\'', 'na', 'NA'),
(0, 102, 151, '# systemctl is-enabled rsyslog enabled', 'na', 'NA'),
(0, 103, 151, '# ls -l /var/log/', 'na', 'NA'),
(0, 104, 151, '# grep ^\\$FileCreateMode /etc/rsyslog.conf', 'na', 'NA'),
(0, 105, 151, '# grep "^*.*[^I][^I]*@" /etc/rsyslog.conf *.* @@loghost.example.com', 'na', 'NA'),
(0, 106, 151, '# grep \'$ModLoad imtcp.so\' /etc/rsyslog.conf $ModLoad imtcp.so # grep \'$InputTCPServerRun\' /etc/rsyslog.conf $InputTCPServerRun 514', 'na', 'NA'),
(0, 107, 151, '# systemctl is-enabled syslog-ng enabled', 'na', 'NA'),
(0, 108, 151, '# ls -l /var/log/', 'na', 'NA'),
(0, 109, 151, '# grep ^options /etc/syslog-ng/syslog-ng.conf options { chain_hostnames(off); flush_lines(0); perm(0640); stats_freq(3600); threaded(yes); };', 'na', 'NA'),
(0, 110, 151, 'destination logserver { tcp("logfile.example.com" port(514)); }; log { source(src); destination(logserver); };', 'na', 'NA'),
(0, 111, 151, 'source net{ tcp(); }; destination remote { file("/var/log/remote/${FULLHOST}-log"); }; log { source(net); destination(remote); };', 'na', 'NA'),
(0, 112, 151, '# dpkg -s rsyslog # dpkg -s syslog-ng', 'na', 'NA'),
(0, 113, 151, '# find /var/log -type f -ls', 'na', 'NA'),
(0, 114, 151, 'Review /etc/logrotate.conf and /etc/logrotate.d/* and verify logs are rotated according to site policy', 'na', 'NA'),
(0, 1, 152, 'sysctl net.ipv4.ip_forward', 'na', 'NA'),
(0, 2, 152, 'sysctl net.ipv4.conf.all.send_redirects\n', 'na', 'NA'),
(0, 3, 152, 'sysctl net.ipv4.conf.default.send_redirects', 'na', 'NA'),
(0, 4, 152, 'sysctl net.ipv4.conf.all.accept_source_route', 'na', 'NA'),
(0, 5, 152, 'sysctl net.ipv4.conf.default.accept_source_route', 'na', 'NA'),
(0, 6, 152, 'sysctl net.ipv4.conf.all.accept_redirects', 'na', 'NA'),
(0, 7, 152, 'sysctl net.ipv4.conf.default.accept_redirects', 'na', 'NA'),
(0, 8, 152, 'sysctl net.ipv4.conf.all.secure_redirects', 'na', 'NA'),
(0, 9, 152, 'sysctl net.ipv4.conf.default.secure_redirects', 'na', 'NA'),
(0, 10, 152, 'sysctl net.ipv4.conf.all.log_martians', 'na', 'NA'),
(0, 11, 152, 'sysctl net.ipv4.conf.default.log_martians', 'na', 'NA'),
(0, 12, 152, 'sysctl net.ipv4.icmp_echo_ignore_broadcasts', 'na', 'NA'),
(0, 13, 152, 'sysctl net.ipv4.icmp_ignore_bogus_error_responses', 'na', 'NA'),
(0, 14, 152, 'sysctl net.ipv4.conf.all.rp_filter', 'na', 'NA'),
(0, 15, 152, 'sysctl net.ipv4.conf.default.rp_filter', 'na', 'NA'),
(0, 16, 152, 'sysctl net.ipv4.tcp_syncookies', 'na', 'NA'),
(0, 17, 152, 'sysctl net.ipv6.conf.all.accept_ra', 'na', 'NA'),
(0, 18, 152, 'sysctl net.ipv6.conf.default.accept_ra', 'na', 'NA'),
(0, 19, 152, 'sysctl net.ipv6.conf.all.accept_redirects', 'na', 'NA'),
(0, 20, 152, 'sysctl net.ipv6.conf.default.accept_redirects', 'na', 'NA'),
(0, 21, 152, 'dpkg -s tcpd', 'na', 'NA'),
(0, 22, 152, 'apt-get install tcpd', 'na', 'NA'),
(0, 92, 152, 'cat /etc/hosts.allow', 'na', 'NA'),
(0, 23, 152, 'echo "ALL: <net>/<mask>" /etc/hosts.allow', 'na', 'NA'),
(0, 93, 152, '# cat /etc/hosts.deny', 'na', 'NA'),
(0, 24, 152, 'stat /etc/hosts.allow', 'na', 'NA'),
(0, 25, 152, 'stat /etc/hosts.deny', 'na', 'NA'),
(0, 26, 152, 'modprobe -n -v dccp', 'na', 'NA'),
(0, 27, 152, 'modprobe -n -v sctp', 'na', 'NA'),
(0, 28, 152, 'modprobe -n -v rds', 'na', 'NA'),
(0, 29, 152, 'modprobe -n -v tipc', 'na', 'NA'),
(0, 30, 152, 'dpkg -s iptables', 'na', 'NA'),
(0, 31, 152, 'iptables -L', 'na', 'NA'),
(0, 32, 152, 'iptables -L INPUT -v -n                                             \niptables -L OUTPUT -v -n', 'na', 'NA'),
(0, 94, 152, 'iptables -L -v -n', 'na', 'NA'),
(0, 33, 152, 'netstat -ln', 'na', 'NA'),
(0, 34, 152, 'iwconfig', 'na', 'NA'),
(0, 95, 152, ' ip link show up', 'na', 'NA'),
(0, 35, 152, 'stat /etc/crontab', 'na', 'NA'),
(0, 42, 152, 'stat /etc/cron.hourly', 'na', 'NA'),
(0, 43, 152, 'stat  /etc/cron.daily', 'na', 'NA'),
(0, 44, 152, 'stat /etc/cron.weekly', 'na', 'NA'),
(0, 45, 152, 'stat /etc/cron.monthly', 'na', 'NA'),
(0, 46, 152, 'stat /etc/cron.d', 'na', 'NA'),
(0, 96, 152, 'stat /etc/cron.deny                                                 \nstat /etc/at.deny', 'na', 'NA'),
(0, 47, 152, 'stat /etc/cron.allow                                                 \nstat /etc/at.allow', 'na', 'NA'),
(0, 48, 152, ' stat /etc/ssh/sshd_config', 'na', 'NA'),
(0, 49, 152, ' grep "^Protocol" /etc/ssh/sshd_config', 'na', 'NA'),
(0, 50, 152, 'grep "^LogLevel" /etc/ssh/sshd_config', 'na', 'NA'),
(0, 51, 152, 'grep "^X11Forwarding" /etc/ssh/sshd_config', 'na', 'NA'),
(0, 52, 152, 'grep "^MaxAuthTries" /etc/ssh/sshd_config', 'na', 'NA'),
(0, 53, 152, 'grep "^IgnoreRhosts" /etc/ssh/sshd_config', 'na', 'NA'),
(0, 54, 152, 'grep "^HostbasedAuthentication" /etc/ssh/sshd_config', 'na', 'NA'),
(0, 55, 152, 'grep "^PermitRootLogin" /etc/ssh/sshd_config', 'na', 'NA'),
(0, 56, 152, 'grep "^PermitEmptyPasswords" /etc/ssh/sshd_config', 'na', 'NA'),
(0, 57, 152, 'grep PermitUserEnvironment /etc/ssh/sshd_config', 'na', 'NA'),
(0, 58, 152, 'grep "MACs" /etc/ssh/sshd_config', 'na', 'NA'),
(0, 59, 152, 'grep "^ClientAliveInterval" /etc/ssh/sshd_config                      \ngrep "^ClientAliveCountMax" /etc/ssh/sshd_config\n', 'na', 'NA'),
(0, 60, 152, 'grep "^LoginGraceTime" /etc/ssh/sshd_config', 'na', 'NA'),
(0, 61, 152, 'grep "^AllowUsers" /etc/ssh/sshd_config                                \ngrep "^AllowGroups" /etc/ssh/sshd_config                                           ', 'na', 'NA'),
(0, 62, 152, 'grep "^DenyUsers" /etc/ssh/sshd_config                                  \ngrep "^DenyGroups" /etc/ssh/sshd_config                                           ', 'na', 'NA'),
(0, 63, 152, 'grep "^Banner" /etc/ssh/sshd_config', 'na', 'NA'),
(0, 64, 152, 'grep pam_pwquality.so /etc/pam.d/common-password', 'na', 'NA'),
(0, 65, 152, 'grep ^minlen /etc/security/pwquality.conf', 'na', 'NA'),
(0, 66, 152, 'grep ^dcredit /etc/security/pwquality.conf', 'na', 'NA'),
(0, 67, 152, 'grep ^lcredit /etc/security/pwquality.conf', 'na', 'NA'),
(0, 68, 152, 'grep ^ocredit /etc/security/pwquality.conf', 'na', 'NA'),
(0, 69, 152, 'grep ^ucredit /etc/security/pwquality.conf', 'na', 'NA'),
(0, 70, 152, 'grep "pam_tally2" /etc/pam.d/common-auth', 'na', 'NA'),
(0, 71, 152, 'egrep \'^password\\s+sufficient\\s+pam_unix.so\' /etc/pam.d/common-password', 'na', 'NA'),
(0, 72, 152, 'egrep \'^password\\s+\\S+\\s_pam_unix.so\' /etc/pam.d/common-password', 'na', 'NA'),
(0, 73, 152, 'grep PASS_MAX_DAYS /etc/login.defs', 'na', 'NA'),
(0, 74, 152, 'grep PASS_MIN_DAYS /etc/login.defs', 'na', 'NA'),
(0, 75, 152, 'grep PASS_WARN_AGE /etc/login.defs', 'na', 'NA'),
(0, 76, 152, 'useradd -D | grep INACTIVE', 'na', 'NA'),
(0, 77, 152, 'egrep -v "^\\+" /etc/passwd | awk -F: \'($1!="root" && $1!="sync" && $1!="shutdown" && $1!="halt" && $3<1000 && $7!="/usr/sbin/nologin" && $7!="/bin/false") {print}\'', 'na', 'NA'),
(0, 78, 152, ' grep "^root:" /etc/passwd | cut -f4 -d:', 'na', 'NA'),
(0, 79, 152, 'grep "^umask" /etc/bash.bashrc', 'na', 'NA'),
(0, 97, 152, 'cat /etc/securetty', 'na', 'NA'),
(0, 98, 152, ' grep pam wheel.so /etc/pam.d/su', 'na', 'NA'),
(0, 80, 152, 'dpkg -S /bin/bash', 'na', 'NA'),
(0, 81, 152, 'dpkg --verify bash', 'na', 'NA'),
(0, 82, 152, ' stat /etc/passwd', 'na', 'NA'),
(0, 83, 152, 'stat /etc/shadow', 'na', 'NA'),
(0, 84, 152, 'stat /etc/group', 'na', 'NA'),
(0, 85, 152, 'stat /etc/gshadow', 'na', 'NA'),
(0, 86, 152, 'stat /etc/passwd\n-', 'na', 'NA'),
(0, 87, 152, 'stat /etc/shadow-', 'na', 'NA'),
(0, 88, 152, 'stat /etc/group-', 'na', 'NA'),
(0, 89, 152, 'stat /etc/gshadow-', 'na', 'NA'),
(0, 90, 152, ' df --local -P |awk {\'if(NR!=1) print $6\'}| xargs -I \'{}\' find -xdev -type f-perm -0002', 'na', 'NA'),
(0, 91, 152, 'df --local -P | awk {\'if (NR!=1) print $6\'} | xargs -I \'{ }\' find \'{ }\' -xdev -nouser', 'na', 'NA'),
(0, 99, 152, 'df --local -P | awk {\'if (NR!=1) print $6\'} | xargs -I \'{}\' find \'{}\' -xdev -nogroup', 'na', 'NA'),
(0, 100, 152, 'df --local -P | awk {\'if (NR!=1) print $6\'} | xargs -I \'{}\' find \'{}\' -xdev -type f-perm -4000', 'na', 'NA'),
(0, 101, 152, 'cat /etc/shadow | awk -F: \'($2 == "" ) { print $1 " does not have a password "}\'', 'na', 'NA'),
(0, 102, 152, '# systemctl is-enabled rsyslog enabled', 'na', 'NA'),
(0, 103, 152, '# ls -l /var/log/', 'na', 'NA'),
(0, 104, 152, '# grep ^\\$FileCreateMode /etc/rsyslog.conf', 'na', 'NA'),
(0, 105, 152, '# grep "^*.*[^I][^I]*@" /etc/rsyslog.conf *.* @@loghost.example.com', 'na', 'NA'),
(0, 106, 152, '# grep \'$ModLoad imtcp.so\' /etc/rsyslog.conf $ModLoad imtcp.so # grep \'$InputTCPServerRun\' /etc/rsyslog.conf $InputTCPServerRun 514', 'na', 'NA'),
(0, 107, 152, '# systemctl is-enabled syslog-ng enabled', 'na', 'NA'),
(0, 108, 152, '# ls -l /var/log/', 'na', 'NA'),
(0, 109, 152, '# grep ^options /etc/syslog-ng/syslog-ng.conf options { chain_hostnames(off); flush_lines(0); perm(0640); stats_freq(3600); threaded(yes); };', 'na', 'NA'),
(0, 110, 152, 'destination logserver { tcp("logfile.example.com" port(514)); }; log { source(src); destination(logserver); };', 'na', 'NA'),
(0, 111, 152, 'source net{ tcp(); }; destination remote { file("/var/log/remote/${FULLHOST}-log"); }; log { source(net); destination(remote); };', 'na', 'NA'),
(0, 112, 152, '# dpkg -s rsyslog # dpkg -s syslog-ng', 'na', 'NA'),
(0, 113, 152, '# find /var/log -type f -ls', 'na', 'NA'),
(0, 114, 152, 'Review /etc/logrotate.conf and /etc/logrotate.d/* and verify logs are rotated according to site policy', 'na', 'NA'),
(0, 1, 153, 'sysctl net.ipv4.ip_forward', 'na', 'NA'),
(0, 2, 153, 'sysctl net.ipv4.conf.all.send_redirects\n', 'na', 'NA'),
(0, 3, 153, 'sysctl net.ipv4.conf.default.send_redirects', 'na', 'NA'),
(0, 4, 153, 'sysctl net.ipv4.conf.all.accept_source_route', 'na', 'NA'),
(0, 5, 153, 'sysctl net.ipv4.conf.default.accept_source_route', 'na', 'NA'),
(0, 6, 153, 'sysctl net.ipv4.conf.all.accept_redirects', 'na', 'NA'),
(0, 7, 153, 'sysctl net.ipv4.conf.default.accept_redirects', 'na', 'NA'),
(0, 8, 153, 'sysctl net.ipv4.conf.all.secure_redirects', 'na', 'NA'),
(0, 9, 153, 'sysctl net.ipv4.conf.default.secure_redirects', 'na', 'NA'),
(0, 10, 153, 'sysctl net.ipv4.conf.all.log_martians', 'na', 'NA'),
(0, 11, 153, 'sysctl net.ipv4.conf.default.log_martians', 'na', 'NA'),
(0, 12, 153, 'sysctl net.ipv4.icmp_echo_ignore_broadcasts', 'na', 'NA'),
(0, 13, 153, 'sysctl net.ipv4.icmp_ignore_bogus_error_responses', 'na', 'NA'),
(0, 14, 153, 'sysctl net.ipv4.conf.all.rp_filter', 'na', 'NA'),
(0, 15, 153, 'sysctl net.ipv4.conf.default.rp_filter', 'na', 'NA'),
(0, 16, 153, 'sysctl net.ipv4.tcp_syncookies', 'na', 'NA'),
(0, 17, 153, 'sysctl net.ipv6.conf.all.accept_ra', 'na', 'NA'),
(0, 18, 153, 'sysctl net.ipv6.conf.default.accept_ra', 'na', 'NA'),
(0, 19, 153, 'sysctl net.ipv6.conf.all.accept_redirects', 'na', 'NA'),
(0, 20, 153, 'sysctl net.ipv6.conf.default.accept_redirects', 'na', 'NA'),
(0, 21, 153, 'dpkg -s tcpd', 'na', 'NA'),
(0, 22, 153, 'apt-get install tcpd', 'na', 'NA'),
(0, 92, 153, 'cat /etc/hosts.allow', 'na', 'NA'),
(0, 23, 153, 'echo "ALL: <net>/<mask>" /etc/hosts.allow', 'na', 'NA'),
(0, 93, 153, '# cat /etc/hosts.deny', 'na', 'NA'),
(0, 24, 153, 'stat /etc/hosts.allow', 'na', 'NA'),
(0, 25, 153, 'stat /etc/hosts.deny', 'na', 'NA'),
(0, 26, 153, 'modprobe -n -v dccp', 'na', 'NA'),
(0, 27, 153, 'modprobe -n -v sctp', 'na', 'NA'),
(0, 28, 153, 'modprobe -n -v rds', 'na', 'NA'),
(0, 29, 153, 'modprobe -n -v tipc', 'na', 'NA'),
(0, 30, 153, 'dpkg -s iptables', 'na', 'NA'),
(0, 31, 153, 'iptables -L', 'na', 'NA'),
(0, 32, 153, 'iptables -L INPUT -v -n                                             \niptables -L OUTPUT -v -n', 'na', 'NA'),
(0, 94, 153, 'iptables -L -v -n', 'na', 'NA'),
(0, 33, 153, 'netstat -ln', 'na', 'NA'),
(0, 34, 153, 'iwconfig', 'na', 'NA'),
(0, 95, 153, ' ip link show up', 'na', 'NA'),
(0, 35, 153, 'stat /etc/crontab', 'na', 'NA'),
(0, 42, 153, 'stat /etc/cron.hourly', 'na', 'NA'),
(0, 43, 153, 'stat  /etc/cron.daily', 'na', 'NA'),
(0, 44, 153, 'stat /etc/cron.weekly', 'na', 'NA'),
(0, 45, 153, 'stat /etc/cron.monthly', 'na', 'NA'),
(0, 46, 153, 'stat /etc/cron.d', 'na', 'NA'),
(0, 96, 153, 'stat /etc/cron.deny                                                 \nstat /etc/at.deny', 'na', 'NA'),
(0, 47, 153, 'stat /etc/cron.allow                                                 \nstat /etc/at.allow', 'na', 'NA'),
(0, 48, 153, ' stat /etc/ssh/sshd_config', 'na', 'NA'),
(0, 49, 153, ' grep "^Protocol" /etc/ssh/sshd_config', 'na', 'NA'),
(0, 50, 153, 'grep "^LogLevel" /etc/ssh/sshd_config', 'na', 'NA'),
(0, 51, 153, 'grep "^X11Forwarding" /etc/ssh/sshd_config', 'na', 'NA'),
(0, 52, 153, 'grep "^MaxAuthTries" /etc/ssh/sshd_config', 'na', 'NA'),
(0, 53, 153, 'grep "^IgnoreRhosts" /etc/ssh/sshd_config', 'na', 'NA'),
(0, 54, 153, 'grep "^HostbasedAuthentication" /etc/ssh/sshd_config', 'na', 'NA'),
(0, 55, 153, 'grep "^PermitRootLogin" /etc/ssh/sshd_config', 'na', 'NA'),
(0, 56, 153, 'grep "^PermitEmptyPasswords" /etc/ssh/sshd_config', 'na', 'NA'),
(0, 57, 153, 'grep PermitUserEnvironment /etc/ssh/sshd_config', 'na', 'NA'),
(0, 58, 153, 'grep "MACs" /etc/ssh/sshd_config', 'na', 'NA'),
(0, 59, 153, 'grep "^ClientAliveInterval" /etc/ssh/sshd_config                      \ngrep "^ClientAliveCountMax" /etc/ssh/sshd_config\n', 'na', 'NA'),
(0, 60, 153, 'grep "^LoginGraceTime" /etc/ssh/sshd_config', 'na', 'NA'),
(0, 61, 153, 'grep "^AllowUsers" /etc/ssh/sshd_config                                \ngrep "^AllowGroups" /etc/ssh/sshd_config                                           ', 'na', 'NA'),
(0, 62, 153, 'grep "^DenyUsers" /etc/ssh/sshd_config                                  \ngrep "^DenyGroups" /etc/ssh/sshd_config                                           ', 'na', 'NA'),
(0, 63, 153, 'grep "^Banner" /etc/ssh/sshd_config', 'na', 'NA'),
(0, 64, 153, 'grep pam_pwquality.so /etc/pam.d/common-password', 'na', 'NA'),
(0, 65, 153, 'grep ^minlen /etc/security/pwquality.conf', 'na', 'NA'),
(0, 66, 153, 'grep ^dcredit /etc/security/pwquality.conf', 'na', 'NA'),
(0, 67, 153, 'grep ^lcredit /etc/security/pwquality.conf', 'na', 'NA'),
(0, 68, 153, 'grep ^ocredit /etc/security/pwquality.conf', 'na', 'NA'),
(0, 69, 153, 'grep ^ucredit /etc/security/pwquality.conf', 'na', 'NA'),
(0, 70, 153, 'grep "pam_tally2" /etc/pam.d/common-auth', 'na', 'NA'),
(0, 71, 153, 'egrep \'^password\\s+sufficient\\s+pam_unix.so\' /etc/pam.d/common-password', 'na', 'NA'),
(0, 72, 153, 'egrep \'^password\\s+\\S+\\s_pam_unix.so\' /etc/pam.d/common-password', 'na', 'NA'),
(0, 73, 153, 'grep PASS_MAX_DAYS /etc/login.defs', 'na', 'NA'),
(0, 74, 153, 'grep PASS_MIN_DAYS /etc/login.defs', 'na', 'NA'),
(0, 75, 153, 'grep PASS_WARN_AGE /etc/login.defs', 'na', 'NA'),
(0, 76, 153, 'useradd -D | grep INACTIVE', 'na', 'NA'),
(0, 77, 153, 'egrep -v "^\\+" /etc/passwd | awk -F: \'($1!="root" && $1!="sync" && $1!="shutdown" && $1!="halt" && $3<1000 && $7!="/usr/sbin/nologin" && $7!="/bin/false") {print}\'', 'na', 'NA'),
(0, 78, 153, ' grep "^root:" /etc/passwd | cut -f4 -d:', 'na', 'NA'),
(0, 79, 153, 'grep "^umask" /etc/bash.bashrc', 'na', 'NA'),
(0, 97, 153, 'cat /etc/securetty', 'na', 'NA'),
(0, 98, 153, ' grep pam wheel.so /etc/pam.d/su', 'na', 'NA'),
(0, 80, 153, 'dpkg -S /bin/bash', 'na', 'NA'),
(0, 81, 153, 'dpkg --verify bash', 'na', 'NA'),
(0, 82, 153, ' stat /etc/passwd', 'na', 'NA'),
(0, 83, 153, 'stat /etc/shadow', 'na', 'NA'),
(0, 84, 153, 'stat /etc/group', 'na', 'NA'),
(0, 85, 153, 'stat /etc/gshadow', 'na', 'NA'),
(0, 86, 153, 'stat /etc/passwd\n-', 'na', 'NA'),
(0, 87, 153, 'stat /etc/shadow-', 'na', 'NA'),
(0, 88, 153, 'stat /etc/group-', 'na', 'NA'),
(0, 89, 153, 'stat /etc/gshadow-', 'na', 'NA'),
(0, 90, 153, ' df --local -P |awk {\'if(NR!=1) print $6\'}| xargs -I \'{}\' find -xdev -type f-perm -0002', 'na', 'NA'),
(0, 91, 153, 'df --local -P | awk {\'if (NR!=1) print $6\'} | xargs -I \'{ }\' find \'{ }\' -xdev -nouser', 'na', 'NA'),
(0, 99, 153, 'df --local -P | awk {\'if (NR!=1) print $6\'} | xargs -I \'{}\' find \'{}\' -xdev -nogroup', 'na', 'NA'),
(0, 100, 153, 'df --local -P | awk {\'if (NR!=1) print $6\'} | xargs -I \'{}\' find \'{}\' -xdev -type f-perm -4000', 'na', 'NA'),
(0, 101, 153, 'cat /etc/shadow | awk -F: \'($2 == "" ) { print $1 " does not have a password "}\'', 'na', 'NA'),
(0, 102, 153, '# systemctl is-enabled rsyslog enabled', 'na', 'NA'),
(0, 103, 153, '# ls -l /var/log/', 'na', 'NA'),
(0, 104, 153, '# grep ^\\$FileCreateMode /etc/rsyslog.conf', 'na', 'NA'),
(0, 105, 153, '# grep "^*.*[^I][^I]*@" /etc/rsyslog.conf *.* @@loghost.example.com', 'na', 'NA'),
(0, 106, 153, '# grep \'$ModLoad imtcp.so\' /etc/rsyslog.conf $ModLoad imtcp.so # grep \'$InputTCPServerRun\' /etc/rsyslog.conf $InputTCPServerRun 514', 'na', 'NA'),
(0, 107, 153, '# systemctl is-enabled syslog-ng enabled', 'na', 'NA'),
(0, 108, 153, '# ls -l /var/log/', 'na', 'NA'),
(0, 109, 153, '# grep ^options /etc/syslog-ng/syslog-ng.conf options { chain_hostnames(off); flush_lines(0); perm(0640); stats_freq(3600); threaded(yes); };', 'na', 'NA'),
(0, 110, 153, 'destination logserver { tcp("logfile.example.com" port(514)); }; log { source(src); destination(logserver); };', 'na', 'NA'),
(0, 111, 153, 'source net{ tcp(); }; destination remote { file("/var/log/remote/${FULLHOST}-log"); }; log { source(net); destination(remote); };', 'na', 'NA'),
(0, 112, 153, '# dpkg -s rsyslog # dpkg -s syslog-ng', 'na', 'NA'),
(0, 113, 153, '# find /var/log -type f -ls', 'na', 'NA'),
(0, 114, 153, 'Review /etc/logrotate.conf and /etc/logrotate.d/* and verify logs are rotated according to site policy', 'na', 'NA'),
(0, 1, 154, 'sysctl net.ipv4.ip_forward', 'na', 'NA'),
(0, 2, 154, 'sysctl net.ipv4.conf.all.send_redirects\n', 'na', 'NA'),
(0, 3, 154, 'sysctl net.ipv4.conf.default.send_redirects', 'na', 'NA'),
(0, 4, 154, 'sysctl net.ipv4.conf.all.accept_source_route', 'na', 'NA'),
(0, 5, 154, 'sysctl net.ipv4.conf.default.accept_source_route', 'na', 'NA'),
(0, 6, 154, 'sysctl net.ipv4.conf.all.accept_redirects', 'na', 'NA'),
(0, 7, 154, 'sysctl net.ipv4.conf.default.accept_redirects', 'na', 'NA'),
(0, 8, 154, 'sysctl net.ipv4.conf.all.secure_redirects', 'na', 'NA'),
(0, 9, 154, 'sysctl net.ipv4.conf.default.secure_redirects', 'na', 'NA'),
(0, 10, 154, 'sysctl net.ipv4.conf.all.log_martians', 'na', 'NA'),
(0, 11, 154, 'sysctl net.ipv4.conf.default.log_martians', 'na', 'NA'),
(0, 12, 154, 'sysctl net.ipv4.icmp_echo_ignore_broadcasts', 'na', 'NA'),
(0, 13, 154, 'sysctl net.ipv4.icmp_ignore_bogus_error_responses', 'na', 'NA'),
(0, 14, 154, 'sysctl net.ipv4.conf.all.rp_filter', 'na', 'NA'),
(0, 15, 154, 'sysctl net.ipv4.conf.default.rp_filter', 'na', 'NA'),
(0, 16, 154, 'sysctl net.ipv4.tcp_syncookies', 'na', 'NA'),
(0, 17, 154, 'sysctl net.ipv6.conf.all.accept_ra', 'na', 'NA'),
(0, 18, 154, 'sysctl net.ipv6.conf.default.accept_ra', 'na', 'NA'),
(0, 19, 154, 'sysctl net.ipv6.conf.all.accept_redirects', 'na', 'NA'),
(0, 20, 154, 'sysctl net.ipv6.conf.default.accept_redirects', 'na', 'NA'),
(0, 21, 154, 'dpkg -s tcpd', 'na', 'NA'),
(0, 22, 154, 'apt-get install tcpd', 'na', 'NA'),
(0, 92, 154, 'cat /etc/hosts.allow', 'na', 'NA'),
(0, 23, 154, 'echo "ALL: <net>/<mask>" /etc/hosts.allow', 'na', 'NA'),
(0, 93, 154, '# cat /etc/hosts.deny', 'na', 'NA'),
(0, 24, 154, 'stat /etc/hosts.allow', 'na', 'NA'),
(0, 25, 154, 'stat /etc/hosts.deny', 'na', 'NA'),
(0, 26, 154, 'modprobe -n -v dccp', 'na', 'NA'),
(0, 27, 154, 'modprobe -n -v sctp', 'na', 'NA'),
(0, 28, 154, 'modprobe -n -v rds', 'na', 'NA'),
(0, 29, 154, 'modprobe -n -v tipc', 'na', 'NA'),
(0, 30, 154, 'dpkg -s iptables', 'na', 'NA'),
(0, 31, 154, 'iptables -L', 'na', 'NA'),
(0, 32, 154, 'iptables -L INPUT -v -n                                             \niptables -L OUTPUT -v -n', 'na', 'NA'),
(0, 94, 154, 'iptables -L -v -n', 'na', 'NA'),
(0, 33, 154, 'netstat -ln', 'na', 'NA'),
(0, 34, 154, 'iwconfig', 'na', 'NA'),
(0, 95, 154, ' ip link show up', 'na', 'NA'),
(0, 35, 154, 'stat /etc/crontab', 'na', 'NA'),
(0, 42, 154, 'stat /etc/cron.hourly', 'na', 'NA'),
(0, 43, 154, 'stat  /etc/cron.daily', 'na', 'NA'),
(0, 44, 154, 'stat /etc/cron.weekly', 'na', 'NA'),
(0, 45, 154, 'stat /etc/cron.monthly', 'na', 'NA'),
(0, 46, 154, 'stat /etc/cron.d', 'na', 'NA'),
(0, 96, 154, 'stat /etc/cron.deny                                                 \nstat /etc/at.deny', 'na', 'NA'),
(0, 47, 154, 'stat /etc/cron.allow                                                 \nstat /etc/at.allow', 'na', 'NA'),
(0, 48, 154, ' stat /etc/ssh/sshd_config', 'na', 'NA'),
(0, 49, 154, ' grep "^Protocol" /etc/ssh/sshd_config', 'na', 'NA'),
(0, 50, 154, 'grep "^LogLevel" /etc/ssh/sshd_config', 'na', 'NA'),
(0, 51, 154, 'grep "^X11Forwarding" /etc/ssh/sshd_config', 'na', 'NA'),
(0, 52, 154, 'grep "^MaxAuthTries" /etc/ssh/sshd_config', 'na', 'NA'),
(0, 53, 154, 'grep "^IgnoreRhosts" /etc/ssh/sshd_config', 'na', 'NA'),
(0, 54, 154, 'grep "^HostbasedAuthentication" /etc/ssh/sshd_config', 'na', 'NA'),
(0, 55, 154, 'grep "^PermitRootLogin" /etc/ssh/sshd_config', 'na', 'NA'),
(0, 56, 154, 'grep "^PermitEmptyPasswords" /etc/ssh/sshd_config', 'na', 'NA'),
(0, 57, 154, 'grep PermitUserEnvironment /etc/ssh/sshd_config', 'na', 'NA'),
(0, 58, 154, 'grep "MACs" /etc/ssh/sshd_config', 'na', 'NA'),
(0, 59, 154, 'grep "^ClientAliveInterval" /etc/ssh/sshd_config                      \ngrep "^ClientAliveCountMax" /etc/ssh/sshd_config\n', 'na', 'NA'),
(0, 60, 154, 'grep "^LoginGraceTime" /etc/ssh/sshd_config', 'na', 'NA'),
(0, 61, 154, 'grep "^AllowUsers" /etc/ssh/sshd_config                                \ngrep "^AllowGroups" /etc/ssh/sshd_config                                           ', 'na', 'NA'),
(0, 62, 154, 'grep "^DenyUsers" /etc/ssh/sshd_config                                  \ngrep "^DenyGroups" /etc/ssh/sshd_config                                           ', 'na', 'NA'),
(0, 63, 154, 'grep "^Banner" /etc/ssh/sshd_config', 'na', 'NA'),
(0, 64, 154, 'grep pam_pwquality.so /etc/pam.d/common-password', 'na', 'NA'),
(0, 65, 154, 'grep ^minlen /etc/security/pwquality.conf', 'na', 'NA'),
(0, 66, 154, 'grep ^dcredit /etc/security/pwquality.conf', 'na', 'NA'),
(0, 67, 154, 'grep ^lcredit /etc/security/pwquality.conf', 'na', 'NA'),
(0, 68, 154, 'grep ^ocredit /etc/security/pwquality.conf', 'na', 'NA'),
(0, 69, 154, 'grep ^ucredit /etc/security/pwquality.conf', 'na', 'NA'),
(0, 70, 154, 'grep "pam_tally2" /etc/pam.d/common-auth', 'na', 'NA'),
(0, 71, 154, 'egrep \'^password\\s+sufficient\\s+pam_unix.so\' /etc/pam.d/common-password', 'na', 'NA'),
(0, 72, 154, 'egrep \'^password\\s+\\S+\\s_pam_unix.so\' /etc/pam.d/common-password', 'na', 'NA'),
(0, 73, 154, 'grep PASS_MAX_DAYS /etc/login.defs', 'na', 'NA'),
(0, 74, 154, 'grep PASS_MIN_DAYS /etc/login.defs', 'na', 'NA'),
(0, 75, 154, 'grep PASS_WARN_AGE /etc/login.defs', 'na', 'NA'),
(0, 76, 154, 'useradd -D | grep INACTIVE', 'na', 'NA'),
(0, 77, 154, 'egrep -v "^\\+" /etc/passwd | awk -F: \'($1!="root" && $1!="sync" && $1!="shutdown" && $1!="halt" && $3<1000 && $7!="/usr/sbin/nologin" && $7!="/bin/false") {print}\'', 'na', 'NA'),
(0, 78, 154, ' grep "^root:" /etc/passwd | cut -f4 -d:', 'na', 'NA'),
(0, 79, 154, 'grep "^umask" /etc/bash.bashrc', 'na', 'NA'),
(0, 97, 154, 'cat /etc/securetty', 'na', 'NA'),
(0, 98, 154, ' grep pam wheel.so /etc/pam.d/su', 'na', 'NA'),
(0, 80, 154, 'dpkg -S /bin/bash', 'na', 'NA'),
(0, 81, 154, 'dpkg --verify bash', 'na', 'NA'),
(0, 82, 154, ' stat /etc/passwd', 'na', 'NA'),
(0, 83, 154, 'stat /etc/shadow', 'na', 'NA'),
(0, 84, 154, 'stat /etc/group', 'na', 'NA'),
(0, 85, 154, 'stat /etc/gshadow', 'na', 'NA'),
(0, 86, 154, 'stat /etc/passwd\n-', 'na', 'NA'),
(0, 87, 154, 'stat /etc/shadow-', 'na', 'NA'),
(0, 88, 154, 'stat /etc/group-', 'na', 'NA'),
(0, 89, 154, 'stat /etc/gshadow-', 'na', 'NA'),
(0, 90, 154, ' df --local -P |awk {\'if(NR!=1) print $6\'}| xargs -I \'{}\' find -xdev -type f-perm -0002', 'na', 'NA'),
(0, 91, 154, 'df --local -P | awk {\'if (NR!=1) print $6\'} | xargs -I \'{ }\' find \'{ }\' -xdev -nouser', 'na', 'NA'),
(0, 99, 154, 'df --local -P | awk {\'if (NR!=1) print $6\'} | xargs -I \'{}\' find \'{}\' -xdev -nogroup', 'na', 'NA'),
(0, 100, 154, 'df --local -P | awk {\'if (NR!=1) print $6\'} | xargs -I \'{}\' find \'{}\' -xdev -type f-perm -4000', 'na', 'NA'),
(0, 101, 154, 'cat /etc/shadow | awk -F: \'($2 == "" ) { print $1 " does not have a password "}\'', 'na', 'NA'),
(0, 102, 154, '# systemctl is-enabled rsyslog enabled', 'na', 'NA'),
(0, 103, 154, '# ls -l /var/log/', 'na', 'NA'),
(0, 104, 154, '# grep ^\\$FileCreateMode /etc/rsyslog.conf', 'na', 'NA'),
(0, 105, 154, '# grep "^*.*[^I][^I]*@" /etc/rsyslog.conf *.* @@loghost.example.com', 'na', 'NA'),
(0, 106, 154, '# grep \'$ModLoad imtcp.so\' /etc/rsyslog.conf $ModLoad imtcp.so # grep \'$InputTCPServerRun\' /etc/rsyslog.conf $InputTCPServerRun 514', 'na', 'NA'),
(0, 107, 154, '# systemctl is-enabled syslog-ng enabled', 'na', 'NA'),
(0, 108, 154, '# ls -l /var/log/', 'na', 'NA'),
(0, 109, 154, '# grep ^options /etc/syslog-ng/syslog-ng.conf options { chain_hostnames(off); flush_lines(0); perm(0640); stats_freq(3600); threaded(yes); };', 'na', 'NA'),
(0, 110, 154, 'destination logserver { tcp("logfile.example.com" port(514)); }; log { source(src); destination(logserver); };', 'na', 'NA'),
(0, 111, 154, 'source net{ tcp(); }; destination remote { file("/var/log/remote/${FULLHOST}-log"); }; log { source(net); destination(remote); };', 'na', 'NA'),
(0, 112, 154, '# dpkg -s rsyslog # dpkg -s syslog-ng', 'na', 'NA'),
(0, 113, 154, '# find /var/log -type f -ls', 'na', 'NA'),
(0, 114, 154, 'Review /etc/logrotate.conf and /etc/logrotate.d/* and verify logs are rotated according to site policy', 'na', 'NA'),
(0, 1, 155, 'sysctl net.ipv4.ip_forward', 'na', 'NA'),
(0, 2, 155, 'sysctl net.ipv4.conf.all.send_redirects\n', 'na', 'NA'),
(0, 3, 155, 'sysctl net.ipv4.conf.default.send_redirects', 'na', 'NA'),
(0, 4, 155, 'sysctl net.ipv4.conf.all.accept_source_route', 'na', 'NA'),
(0, 5, 155, 'sysctl net.ipv4.conf.default.accept_source_route', 'na', 'NA'),
(0, 6, 155, 'sysctl net.ipv4.conf.all.accept_redirects', 'na', 'NA'),
(0, 7, 155, 'sysctl net.ipv4.conf.default.accept_redirects', 'na', 'NA'),
(0, 8, 155, 'sysctl net.ipv4.conf.all.secure_redirects', 'na', 'NA'),
(0, 9, 155, 'sysctl net.ipv4.conf.default.secure_redirects', 'na', 'NA'),
(0, 10, 155, 'sysctl net.ipv4.conf.all.log_martians', 'na', 'NA'),
(0, 11, 155, 'sysctl net.ipv4.conf.default.log_martians', 'na', 'NA'),
(0, 12, 155, 'sysctl net.ipv4.icmp_echo_ignore_broadcasts', 'na', 'NA'),
(0, 13, 155, 'sysctl net.ipv4.icmp_ignore_bogus_error_responses', 'na', 'NA'),
(0, 14, 155, 'sysctl net.ipv4.conf.all.rp_filter', 'na', 'NA'),
(0, 15, 155, 'sysctl net.ipv4.conf.default.rp_filter', 'na', 'NA'),
(0, 16, 155, 'sysctl net.ipv4.tcp_syncookies', 'na', 'NA'),
(0, 17, 155, 'sysctl net.ipv6.conf.all.accept_ra', 'na', 'NA'),
(0, 18, 155, 'sysctl net.ipv6.conf.default.accept_ra', 'na', 'NA'),
(0, 19, 155, 'sysctl net.ipv6.conf.all.accept_redirects', 'na', 'NA'),
(0, 20, 155, 'sysctl net.ipv6.conf.default.accept_redirects', 'na', 'NA'),
(0, 21, 155, 'dpkg -s tcpd', 'na', 'NA'),
(0, 22, 155, 'apt-get install tcpd', 'na', 'NA'),
(0, 92, 155, 'cat /etc/hosts.allow', 'na', 'NA'),
(0, 23, 155, 'echo "ALL: <net>/<mask>" /etc/hosts.allow', 'na', 'NA'),
(0, 93, 155, '# cat /etc/hosts.deny', 'na', 'NA'),
(0, 24, 155, 'stat /etc/hosts.allow', 'na', 'NA'),
(0, 25, 155, 'stat /etc/hosts.deny', 'na', 'NA'),
(0, 26, 155, 'modprobe -n -v dccp', 'na', 'NA'),
(0, 27, 155, 'modprobe -n -v sctp', 'na', 'NA'),
(0, 28, 155, 'modprobe -n -v rds', 'na', 'NA'),
(0, 29, 155, 'modprobe -n -v tipc', 'na', 'NA'),
(0, 30, 155, 'dpkg -s iptables', 'na', 'NA'),
(0, 31, 155, 'iptables -L', 'na', 'NA'),
(0, 32, 155, 'iptables -L INPUT -v -n                                             \niptables -L OUTPUT -v -n', 'na', 'NA'),
(0, 94, 155, 'iptables -L -v -n', 'na', 'NA'),
(0, 33, 155, 'netstat -ln', 'na', 'NA'),
(0, 34, 155, 'iwconfig', 'na', 'NA'),
(0, 95, 155, ' ip link show up', 'na', 'NA'),
(0, 35, 155, 'stat /etc/crontab', 'na', 'NA'),
(0, 42, 155, 'stat /etc/cron.hourly', 'na', 'NA'),
(0, 43, 155, 'stat  /etc/cron.daily', 'na', 'NA'),
(0, 44, 155, 'stat /etc/cron.weekly', 'na', 'NA'),
(0, 45, 155, 'stat /etc/cron.monthly', 'na', 'NA'),
(0, 46, 155, 'stat /etc/cron.d', 'na', 'NA');
INSERT INTO `benchmarking` (`id`, `commandID`, `clientID`, `command`, `label`, `status`) VALUES
(0, 96, 155, 'stat /etc/cron.deny                                                 \nstat /etc/at.deny', 'na', 'NA'),
(0, 47, 155, 'stat /etc/cron.allow                                                 \nstat /etc/at.allow', 'na', 'NA'),
(0, 48, 155, ' stat /etc/ssh/sshd_config', 'na', 'NA'),
(0, 49, 155, ' grep "^Protocol" /etc/ssh/sshd_config', 'na', 'NA'),
(0, 50, 155, 'grep "^LogLevel" /etc/ssh/sshd_config', 'na', 'NA'),
(0, 51, 155, 'grep "^X11Forwarding" /etc/ssh/sshd_config', 'na', 'NA'),
(0, 52, 155, 'grep "^MaxAuthTries" /etc/ssh/sshd_config', 'na', 'NA'),
(0, 53, 155, 'grep "^IgnoreRhosts" /etc/ssh/sshd_config', 'na', 'NA'),
(0, 54, 155, 'grep "^HostbasedAuthentication" /etc/ssh/sshd_config', 'na', 'NA'),
(0, 55, 155, 'grep "^PermitRootLogin" /etc/ssh/sshd_config', 'na', 'NA'),
(0, 56, 155, 'grep "^PermitEmptyPasswords" /etc/ssh/sshd_config', 'na', 'NA'),
(0, 57, 155, 'grep PermitUserEnvironment /etc/ssh/sshd_config', 'na', 'NA'),
(0, 58, 155, 'grep "MACs" /etc/ssh/sshd_config', 'na', 'NA'),
(0, 59, 155, 'grep "^ClientAliveInterval" /etc/ssh/sshd_config                      \ngrep "^ClientAliveCountMax" /etc/ssh/sshd_config\n', 'na', 'NA'),
(0, 60, 155, 'grep "^LoginGraceTime" /etc/ssh/sshd_config', 'na', 'NA'),
(0, 61, 155, 'grep "^AllowUsers" /etc/ssh/sshd_config                                \ngrep "^AllowGroups" /etc/ssh/sshd_config                                           ', 'na', 'NA'),
(0, 62, 155, 'grep "^DenyUsers" /etc/ssh/sshd_config                                  \ngrep "^DenyGroups" /etc/ssh/sshd_config                                           ', 'na', 'NA'),
(0, 63, 155, 'grep "^Banner" /etc/ssh/sshd_config', 'na', 'NA'),
(0, 64, 155, 'grep pam_pwquality.so /etc/pam.d/common-password', 'na', 'NA'),
(0, 65, 155, 'grep ^minlen /etc/security/pwquality.conf', 'na', 'NA'),
(0, 66, 155, 'grep ^dcredit /etc/security/pwquality.conf', 'na', 'NA'),
(0, 67, 155, 'grep ^lcredit /etc/security/pwquality.conf', 'na', 'NA'),
(0, 68, 155, 'grep ^ocredit /etc/security/pwquality.conf', 'na', 'NA'),
(0, 69, 155, 'grep ^ucredit /etc/security/pwquality.conf', 'na', 'NA'),
(0, 70, 155, 'grep "pam_tally2" /etc/pam.d/common-auth', 'na', 'NA'),
(0, 71, 155, 'egrep \'^password\\s+sufficient\\s+pam_unix.so\' /etc/pam.d/common-password', 'na', 'NA'),
(0, 72, 155, 'egrep \'^password\\s+\\S+\\s_pam_unix.so\' /etc/pam.d/common-password', 'na', 'NA'),
(0, 73, 155, 'grep PASS_MAX_DAYS /etc/login.defs', 'na', 'NA'),
(0, 74, 155, 'grep PASS_MIN_DAYS /etc/login.defs', 'na', 'NA'),
(0, 75, 155, 'grep PASS_WARN_AGE /etc/login.defs', 'na', 'NA'),
(0, 76, 155, 'useradd -D | grep INACTIVE', 'na', 'NA'),
(0, 77, 155, 'egrep -v "^\\+" /etc/passwd | awk -F: \'($1!="root" && $1!="sync" && $1!="shutdown" && $1!="halt" && $3<1000 && $7!="/usr/sbin/nologin" && $7!="/bin/false") {print}\'', 'na', 'NA'),
(0, 78, 155, ' grep "^root:" /etc/passwd | cut -f4 -d:', 'na', 'NA'),
(0, 79, 155, 'grep "^umask" /etc/bash.bashrc', 'na', 'NA'),
(0, 97, 155, 'cat /etc/securetty', 'na', 'NA'),
(0, 98, 155, ' grep pam wheel.so /etc/pam.d/su', 'na', 'NA'),
(0, 80, 155, 'dpkg -S /bin/bash', 'na', 'NA'),
(0, 81, 155, 'dpkg --verify bash', 'na', 'NA'),
(0, 82, 155, ' stat /etc/passwd', 'na', 'NA'),
(0, 83, 155, 'stat /etc/shadow', 'na', 'NA'),
(0, 84, 155, 'stat /etc/group', 'na', 'NA'),
(0, 85, 155, 'stat /etc/gshadow', 'na', 'NA'),
(0, 86, 155, 'stat /etc/passwd\n-', 'na', 'NA'),
(0, 87, 155, 'stat /etc/shadow-', 'na', 'NA'),
(0, 88, 155, 'stat /etc/group-', 'na', 'NA'),
(0, 89, 155, 'stat /etc/gshadow-', 'na', 'NA'),
(0, 90, 155, ' df --local -P |awk {\'if(NR!=1) print $6\'}| xargs -I \'{}\' find -xdev -type f-perm -0002', 'na', 'NA'),
(0, 91, 155, 'df --local -P | awk {\'if (NR!=1) print $6\'} | xargs -I \'{ }\' find \'{ }\' -xdev -nouser', 'na', 'NA'),
(0, 99, 155, 'df --local -P | awk {\'if (NR!=1) print $6\'} | xargs -I \'{}\' find \'{}\' -xdev -nogroup', 'na', 'NA'),
(0, 100, 155, 'df --local -P | awk {\'if (NR!=1) print $6\'} | xargs -I \'{}\' find \'{}\' -xdev -type f-perm -4000', 'na', 'NA'),
(0, 101, 155, 'cat /etc/shadow | awk -F: \'($2 == "" ) { print $1 " does not have a password "}\'', 'na', 'NA'),
(0, 102, 155, '# systemctl is-enabled rsyslog enabled', 'na', 'NA'),
(0, 103, 155, '# ls -l /var/log/', 'na', 'NA'),
(0, 104, 155, '# grep ^\\$FileCreateMode /etc/rsyslog.conf', 'na', 'NA'),
(0, 105, 155, '# grep "^*.*[^I][^I]*@" /etc/rsyslog.conf *.* @@loghost.example.com', 'na', 'NA'),
(0, 106, 155, '# grep \'$ModLoad imtcp.so\' /etc/rsyslog.conf $ModLoad imtcp.so # grep \'$InputTCPServerRun\' /etc/rsyslog.conf $InputTCPServerRun 514', 'na', 'NA'),
(0, 107, 155, '# systemctl is-enabled syslog-ng enabled', 'na', 'NA'),
(0, 108, 155, '# ls -l /var/log/', 'na', 'NA'),
(0, 109, 155, '# grep ^options /etc/syslog-ng/syslog-ng.conf options { chain_hostnames(off); flush_lines(0); perm(0640); stats_freq(3600); threaded(yes); };', 'na', 'NA'),
(0, 110, 155, 'destination logserver { tcp("logfile.example.com" port(514)); }; log { source(src); destination(logserver); };', 'na', 'NA'),
(0, 111, 155, 'source net{ tcp(); }; destination remote { file("/var/log/remote/${FULLHOST}-log"); }; log { source(net); destination(remote); };', 'na', 'NA'),
(0, 112, 155, '# dpkg -s rsyslog # dpkg -s syslog-ng', 'na', 'NA'),
(0, 113, 155, '# find /var/log -type f -ls', 'na', 'NA'),
(0, 114, 155, 'Review /etc/logrotate.conf and /etc/logrotate.d/* and verify logs are rotated according to site policy', 'na', 'NA');

-- --------------------------------------------------------

--
-- Table structure for table `clients`
--

CREATE TABLE `clients` (
  `id` bigint(18) NOT NULL,
  `fname` varchar(100) NOT NULL,
  `lname` varchar(100) NOT NULL,
  `email` varchar(100) NOT NULL,
  `password` varchar(256) NOT NULL,
  `security_qn` varchar(50) NOT NULL,
  `answer` varchar(50) NOT NULL,
  `company_name` varchar(256) NOT NULL,
  `designation` varchar(256) NOT NULL,
  `account_type` varchar(300) DEFAULT NULL,
  `account_status` varchar(10) DEFAULT NULL,
  `random_Text` varchar(30) DEFAULT NULL,
  `timestamp` timestamp NOT NULL DEFAULT CURRENT_TIMESTAMP ON UPDATE CURRENT_TIMESTAMP,
  `renew_time` date NOT NULL
) ENGINE=InnoDB DEFAULT CHARSET=latin1;

--
-- Dumping data for table `clients`
--

INSERT INTO `clients` (`id`, `fname`, `lname`, `email`, `password`, `security_qn`, `answer`, `company_name`, `designation`, `account_type`, `account_status`, `random_Text`, `timestamp`, `renew_time`) VALUES
(15, 'Aboli', 'Shaiwale', 'aboli.shaiwale@securelayer7.net', '1f2f243c0540f1a0db2f2606a598ba67', 'Whats your Mobile no?', '8275761657', 'fr', 'fre', 'Basic(30 Days)', 'Active', '1672357037', '2019-01-05 05:03:04', '2018-12-30'),
(33, '', '', 'payal.jain@securelayer7.net', 'cd2c08f52349dc005c1ebba736982347', 'Whats your Nick Name?', 'payal', '', '', NULL, 'Active', '1582401265', '2019-01-04 09:38:05', '0000-00-00'),
(148, '', '', 'aboli.shaiwale1@securelayer7.net', '9c532e968ae2fe1cb02c64e550daa309', 'Whats your vehicle no?', '1234', '', '', NULL, NULL, '1981848316', '2019-01-05 12:58:11', '0000-00-00'),
(149, 'Aboli', 'Shaiwale', 'abolishaiwale7@gmail.com', '1f2f243c0540f1a0db2f2606a598ba67', 'Whats your Nick Name?', 'Abe', 'sl7', 'dev', 'Basic(30 Days)', NULL, '1711517936', '2019-01-30 07:08:38', '0000-00-00'),
(150, '', '', 'xyz@gmail.com', '', '', '', '', '', NULL, NULL, '491789986', '2019-01-31 13:19:02', '0000-00-00'),
(151, '', '', 'dhs@gmail.com', '', '', '', '', '', NULL, NULL, '1001651097', '2019-01-31 13:19:35', '0000-00-00'),
(152, '', '', 'abc@gmail.com', '', '', '', '', '', NULL, NULL, '974903412', '2019-01-31 13:23:42', '0000-00-00'),
(153, '', '', 'pqr@gmail.com', '', '', '', '', '', NULL, NULL, '907345545', '2019-01-31 13:31:38', '0000-00-00'),
(154, '', '', 'pqe@gmail.com', '', '', '', '', '', NULL, NULL, '122482263', '2019-01-31 13:50:16', '0000-00-00'),
(155, 'cvdgdfg', 'wwwwwwd', 'don@gmail.com', '86e0222e74015d4fec5ca4d10a5bb72e', 'Whats your vehicle no?', '343242', 'awre', 'ewr', NULL, NULL, '25004691', '2019-02-09 04:05:07', '0000-00-00');

-- --------------------------------------------------------

--
-- Table structure for table `cmd`
--

CREATE TABLE `cmd` (
  `id` bigint(18) NOT NULL,
  `commandID` bigint(18) NOT NULL,
  `topic` varchar(500) NOT NULL,
  `discription` varchar(500) NOT NULL
) ENGINE=InnoDB DEFAULT CHARSET=latin1;

--
-- Dumping data for table `cmd`
--

INSERT INTO `cmd` (`id`, `commandID`, `topic`, `discription`) VALUES
(109, 1, 'Networking', 'Command to ensure IP forwording is disabled'),
(110, 2, 'Networking', 'Ensure packet redirect sending for all is disabled '),
(111, 3, 'Networking', 'Ensure packet redirect sending for default is disabled '),
(112, 4, 'Networking', 'disables the system from accepting source routed packets for all'),
(113, 5, 'Networking', 'disables the system from accepting source routed packets for default'),
(114, 6, 'Networking', 'Ensure ICMP redirects are not accepted for all'),
(115, 7, 'Networking', 'Ensure ICMP redirects are not accepted for default'),
(116, 8, 'Networking', 'Ensure secure ICMP redirects are not accepted for all'),
(117, 9, 'Networking', 'Ensure secure ICMP redirects are not accepted for default'),
(118, 10, 'Networking', 'Ensure suspicious packets are logged for all logs'),
(119, 11, 'Networking', 'Ensure suspicious packets are logged for defult logs'),
(120, 12, 'Networking', 'Ensure broadcast ICMP requests are ignored'),
(121, 13, 'Networking', 'Ensure bogus ICMP responses are ignored'),
(122, 14, 'Networking', 'Ensure Reverse Path Filtering is enabled for all filters'),
(123, 15, 'Networking', 'Ensure Reverse Path Filtering is enabled for default filters'),
(124, 16, 'Networking', 'Ensure TCP SYN Cookies is enabled'),
(125, 17, 'Networking', 'Ensure IPv6 router advertisements are not accepted for all routers'),
(126, 18, 'Networking', 'Ensure IPv6 router advertisements are not accepted for default routers'),
(127, 19, 'Networking', 'Ensure IPv6 redirects are not accepted for all redirects'),
(128, 20, 'Networking', 'Ensure IPv6 redirects are not accepted for default redirects'),
(129, 21, 'Networking', 'Ensure TCP Wrappers is installed. It provides simple access list and standrdized logging methods for services capable of supporting it.'),
(130, 22, 'Networking', 'To install tcpd if not exist'),
(131, 92, 'Networking', 'verify the contents of the /etc/hosts.allow file. This file supports access control by IP and ensures that only autorized system can connect to the system.'),
(132, 23, 'Networking', 'Command to create /etc/host.allow file'),
(133, 93, 'Networking', '/etc/hosts.deny file spacifies that which IP address are not permitted to connect to host. So, this command is to check content of that file.'),
(134, 24, 'Networking', 'To check permissions of /etc/hosts.allow file'),
(135, 25, 'Networking', 'Ensure permissions on /etc/hosts.deny are 644'),
(136, 26, 'Networking', 'Ensure DCCP(Datagram Congesion Control Protocol) is disabled to reduce potential attack surface'),
(137, 27, 'Networking', 'Ensure SCTP(Streame Control Transmission Protocol) is disabled to reduce potential attack surface if protocol is not being used'),
(138, 28, 'Networking', 'Ensure RDS(Reliable Datagram Socket) is disabled to reduce potential attack surface if protocol is not being used'),
(139, 29, 'Networking', 'Ensure TIPC(Transparent Inter Process Communication) is disabled to reduce potential attack surface if protocol is not being used'),
(140, 30, 'Networking', 'Ensure iptables is installed for firewall management and configuration'),
(141, 31, 'Networking', 'Ensure default deny firewall policy to ensure that any unconfigured network usage will be rejected'),
(142, 32, 'Networking', 'Ensure loopback traffic is configured'),
(143, 94, 'Networking', 'Ensure outbound and established connections are configured'),
(144, 33, 'Networking', 'Ensure firewall rules exist for all open ports(This is to determine open ports)'),
(145, 34, 'Networking', 'Ensure wireless interfaces are disabled(This is to determine wireless interfaces on the system)'),
(146, 95, 'Networking', 'Ensure wireless interfaces are disabled(This is to verify wireless interfaces are active or not)'),
(147, 35, 'Access, Authentication and Authorization', 'Ensure permissions on /etc/crontab are configured'),
(148, 42, 'Access, Authentication and Authorization', 'Ensure permissions on /etc/cron.hourly are configured'),
(149, 43, 'Access, Authentication and Authorization', 'Ensure permissions on /etc/cron.daily are configured'),
(150, 44, 'Access, Authentication and Authorization', 'Ensure permissions on /etc/cron.weekly are configured'),
(151, 45, 'Access, Authentication and Authorization', 'Ensure permissions on /etc/cron.monthly are configured'),
(152, 46, 'Access, Authentication and Authorization', 'Ensure permissions on /etc/cron.d are configured'),
(153, 96, 'Access, Authentication and Authorization', 'Ensure at/cron is restricted to authorized users'),
(154, 47, 'Access, Authentication and Authorization', 'This is the file to control who can run cron jobs'),
(155, 48, 'Access, Authentication and Authorization', 'Ensure permissions on /etc/ssh/sshd_config are configured'),
(156, 49, 'Access, Authentication and Authorization', 'Ensure SSH Protocol is set to 2'),
(157, 50, 'Access, Authentication and Authorization', 'Ensure SSH LogLevel is set to INFO'),
(158, 51, 'Access, Authentication and Authorization', 'Ensure SSH X11 forwarding is disabled'),
(159, 52, 'Access, Authentication and Authorization', 'SH MaxAuthTries is set to 4 or less'),
(160, 53, 'Access, Authentication and Authorization', 'Ensure SSH IgnoreRhosts is enabled'),
(161, 54, 'Access, Authentication and Authorization', 'SH HostbasedAuthentication is disabled'),
(162, 55, 'Access, Authentication and Authorization', 'Ensure SSH root login is disabled'),
(163, 56, 'Access, Authentication and Authorization', 'Ensure SSH PermitEmptyPasswords is disabled'),
(164, 57, 'Access, Authentication and Authorization', 'Ensure SSH PermitUserEnvironment is disabled'),
(165, 58, 'Access, Authentication and Authorization', 'Ensure only approved MAC algorithms are used'),
(166, 59, 'Access, Authentication and Authorization', 'Ensure SSH Idle Timeout Interval is configured'),
(167, 60, 'Access, Authentication and Authorization', 'Ensure SSH LoginGraceTime is set to one minute or less'),
(168, 61, 'Access, Authentication and Authorization', 'Ensure SSH access is limited'),
(169, 62, 'Access, Authentication and Authorization', 'Ensure SSH access is limited'),
(170, 63, 'Access, Authentication and Authorization', 'Ensure SSH warning banner is configured'),
(171, 64, 'Access, Authentication and Authorization', 'retrieve the password from a previous stacked PAM module and allows tries before sending back a failure'),
(172, 65, 'Access, Authentication and Authorization', 'minlen=14-password must be 14 characters or more'),
(173, 66, 'Access, Authentication and Authorization', 'provide at least one digit'),
(174, 67, 'Access, Authentication and Authorization', 'provide at least one lowercase character'),
(175, 68, 'Access, Authentication and Authorization', 'provide at least one special character'),
(176, 69, 'Access, Authentication and Authorization', 'provide at least one uppercase character'),
(177, 70, 'Access, Authentication and Authorization', 'Ensure lo ckout for failed password attempts is configured'),
(178, 71, 'Access, Authentication and Authorization', 'Ensure password reuse is limited'),
(179, 72, 'Access, Authentication and Authorization', 'Ensure password hashing algorithm is SHA-512'),
(180, 73, 'Access, Authentication and Authorization', 'Ensure password expiration is 90 days or less'),
(181, 74, 'Access, Authentication and Authorization', 'Ensure minimum days between password changes is 7 or more'),
(182, 75, 'Access, Authentication and Authorization', 'Ensure password expiration warning days is 7 or more'),
(183, 76, 'Access, Authentication and Authorization', 'Ensure inactive password lock is 30 days or less'),
(184, 77, 'Access, Authentication and Authorization', 'Ensure system accounts are non-login'),
(185, 78, 'Access, Authentication and Authorization', 'Ensure default group for the root account is GID 0'),
(186, 79, 'Access, Authentication and Authorization', 'Ensure default user umask is 027 or more restrictive'),
(187, 97, 'Access, Authentication and Authorization', 'Ensure root login is restricted to system console'),
(188, 98, 'Access, Authentication and Authorization', 'Ensure access to the su command is restricted'),
(189, 80, 'System Maintenance', 'Audit system file permissions'),
(190, 81, 'System Maintenance', 'To verify the settings for the package that controls the /bin/bash file'),
(191, 82, 'System Maintenance', 'Ensure permissions on /etc/passwd are configured'),
(192, 83, 'System Maintenance', 'Ensure permissions on /etc/shadow are configured'),
(193, 84, 'System Maintenance', 'Ensure permissions on /etc/group are configured'),
(194, 85, 'System Maintenance', 'Ensure permissions on /etc/gshadow are configured'),
(195, 86, 'System Maintenance', 'Ensure permissions on /etc/passwd- are configured'),
(196, 87, 'System Maintenance', 'Ensure permissions on /etc/shadow-are configured'),
(197, 88, 'System Maintenance', 'Ensure permissions on /etc/group are configured'),
(198, 89, 'System Maintenance', 'Ensure permissions on /etc/gshadow -are configured'),
(199, 90, 'System Maintenance', 'Ensure no world writable files exist'),
(200, 91, 'System Maintenance', 'Ensure no unowned files or directories exist'),
(201, 99, 'System Maintenance', 'Ensure no ungrouped files or directories exist'),
(202, 100, 'System Maintenance', 'Audit SUID executables'),
(203, 101, 'System Maintenance', 'Ensure password fields are not empty'),
(204, 102, 'System Maintenance', 'Ensure rsyslog Service is enabled (Scored)'),
(205, 103, 'System Maintenance', 'Ensure logging is configured (Not Scored)'),
(206, 104, 'System Maintenance', 'Ensure rsyslog default file permissions configured (Scored)'),
(207, 105, 'System Maintenance', 'Ensure rsyslog is configured to send logs to a remote log host (Scored)'),
(208, 106, 'System Maintenance', 'Ensure remote rsyslog messages are only accepted on designated log hosts. (Not Scored)'),
(209, 107, 'System Maintenance', 'Ensure syslog-ng service is enabled (Scored)'),
(210, 108, 'System Maintenance', 'Ensure logging is configured (Not Scored)'),
(211, 109, 'System Maintenance', 'Ensure syslog-ng default file permissions configured (Scored)'),
(212, 110, 'System Maintenance', 'Ensure syslog-ng is configured to send logs to a remote log host (Scored)'),
(213, 111, 'System Maintenance', 'Ensure remote syslog-ng messages are only accepted on designated log hosts (Not Scored)'),
(214, 112, 'System Maintenance', 'Ensure rsyslog or syslog-ng is installed (Scored)'),
(215, 113, 'System Maintenance', 'Ensure permissions on all logfiles are configured '),
(216, 114, 'System Maintenance', 'Ensure logrotate is configured (Not Scored)');

-- --------------------------------------------------------

--
-- Table structure for table `file_upload`
--

CREATE TABLE `file_upload` (
  `id` bigint(18) NOT NULL,
  `clientID` bigint(20) NOT NULL,
  `file_path` varchar(500) NOT NULL,
  `file_name` varchar(500) NOT NULL,
  `file_size` varchar(500) NOT NULL,
  `log_type` varchar(500) NOT NULL,
  `status` int(10) NOT NULL,
  `UID` varchar(200) NOT NULL,
  `timestamp` timestamp NOT NULL DEFAULT CURRENT_TIMESTAMP ON UPDATE CURRENT_TIMESTAMP
) ENGINE=InnoDB DEFAULT CHARSET=latin1;

--
-- Dumping data for table `file_upload`
--

INSERT INTO `file_upload` (`id`, `clientID`, `file_path`, `file_name`, `file_size`, `log_type`, `status`, `UID`, `timestamp`) VALUES
(1, 155, '/var/www/html/watch7/assets/uploads/demo/access.log', 'access.log', '457.93', 'Apache', 2, '188cfee741c7f85ad182eb3651cdda9f', '2019-02-09 05:04:09'),
(2, 155, '/var/www/html/watch7/assets/uploads/demo/access1.log', 'access1.log', '457.93', 'Apache', 2, '4d7958b302bae2930637a385016938dd', '2019-02-09 05:09:17'),
(3, 155, '/var/www/html/watch7/assets/uploads/demo/Akshay.zip', 'Akshay.zip', '0.68', 'Apache', 2, '2188978794991a163101c0da94b1a5f4', '2019-02-09 06:52:06'),
(4, 155, '/var/www/html/watch7/assets/uploads/demo/access2.log', 'access2.log', '457.98', 'Apache', 2, '329287e6396bdb3ded8d5c9d12107a1a', '2019-02-09 06:58:00'),
(5, 155, '/var/www/html/watch7/assets/uploads/demo/access3.log', 'access3.log', '458.02', 'Apache', 2, '785fd669f99516d4e5e374599598d0e7', '2019-02-11 08:06:11'),
(6, 155, '/var/www/html/watch7/assets/uploads/demo/access4.log', 'access4.log', '458.02', 'Apache', 2, '45eaf3a3a84cf21990ac85bad33f6494', '2019-02-11 08:10:48'),
(7, 155, '/var/www/html/watch7/assets/uploads/demo/access7.log', 'access7.log', '458.02', 'Apache', 2, 'd7608f913bf76cab686a0529388a2971', '2019-02-11 08:57:08');

-- --------------------------------------------------------

--
-- Table structure for table `ftp`
--

CREATE TABLE `ftp` (
  `id` int(11) NOT NULL,
  `clientID` bigint(18) NOT NULL,
  `username` varchar(20) NOT NULL,
  `password` varchar(256) NOT NULL,
  `flag` int(11) DEFAULT NULL,
  `time_stamp` timestamp NOT NULL DEFAULT CURRENT_TIMESTAMP ON UPDATE CURRENT_TIMESTAMP
) ENGINE=InnoDB DEFAULT CHARSET=latin1;

--
-- Dumping data for table `ftp`
--

INSERT INTO `ftp` (`id`, `clientID`, `username`, `password`, `flag`, `time_stamp`) VALUES
(1, 155, 'don', 'Don@1234', 1, '2019-02-05 08:55:00'),
(2, 156, 'xyz', 'Xyz@123', 0, '2019-02-05 09:49:40');

-- --------------------------------------------------------

--
-- Table structure for table `graphs`
--

CREATE TABLE `graphs` (
  `userid` timestamp NOT NULL DEFAULT CURRENT_TIMESTAMP ON UPDATE CURRENT_TIMESTAMP,
  `value2` int(18) NOT NULL
) ENGINE=InnoDB DEFAULT CHARSET=latin1;

--
-- Dumping data for table `graphs`
--

INSERT INTO `graphs` (`userid`, `value2`) VALUES
('2019-01-14 09:20:38', 30),
('2019-01-14 09:20:38', 20),
('2019-01-14 09:20:43', 30),
('2019-01-14 09:20:43', 20),
('2019-01-14 18:30:00', 50),
('2019-01-14 18:30:00', 50);

-- --------------------------------------------------------

--
-- Table structure for table `logagent`
--

CREATE TABLE `logagent` (
  `id` bigint(18) NOT NULL,
  `clientID` bigint(18) NOT NULL,
  `ip` varchar(64) NOT NULL,
  `timestamp` timestamp NOT NULL DEFAULT CURRENT_TIMESTAMP ON UPDATE CURRENT_TIMESTAMP
) ENGINE=InnoDB DEFAULT CHARSET=latin1;

--
-- Dumping data for table `logagent`
--

INSERT INTO `logagent` (`id`, `clientID`, `ip`, `timestamp`) VALUES
(2, 15, '192.168.1.125', '2019-01-10 09:06:13'),
(3, 149, '192.168.1.126', '2019-01-09 20:32:06'),
(4, 155, '192.168.1.126', '2018-10-12 04:30:16');

-- --------------------------------------------------------

--
-- Table structure for table `logdetails`
--

CREATE TABLE `logdetails` (
  `id` bigint(18) NOT NULL,
  `clientID` bigint(20) NOT NULL,
  `timestamp` timestamp NOT NULL DEFAULT CURRENT_TIMESTAMP ON UPDATE CURRENT_TIMESTAMP,
  `action` varchar(100) NOT NULL
) ENGINE=InnoDB DEFAULT CHARSET=latin1;

--
-- Dumping data for table `logdetails`
--

INSERT INTO `logdetails` (`id`, `clientID`, `timestamp`, `action`) VALUES
(7, 15, '2018-11-29 00:24:48', '1'),
(8, 15, '2018-11-29 00:29:27', '1'),
(9, 15, '2018-11-29 00:29:49', '1'),
(10, 15, '2018-11-29 00:29:59', '1'),
(11, 15, '2018-11-29 00:30:53', '1'),
(12, 15, '2018-11-29 00:31:08', '1'),
(13, 15, '2018-11-29 00:31:17', '1'),
(14, 15, '2018-11-29 00:32:32', '1'),
(15, 15, '2018-11-29 00:33:36', '1'),
(16, 15, '2018-11-29 00:34:22', '1'),
(17, 15, '2018-11-29 00:35:51', '1'),
(18, 15, '2018-11-29 00:36:21', '1'),
(19, 15, '2018-11-29 00:36:55', '1'),
(20, 15, '2018-11-29 00:37:16', '1'),
(21, 15, '2018-11-29 00:38:47', '1'),
(22, 15, '2018-11-29 00:39:10', '1'),
(23, 15, '2018-11-29 00:40:31', '1'),
(24, 15, '2018-11-29 00:40:55', '1'),
(25, 15, '2018-11-29 00:41:22', '1'),
(26, 15, '2018-11-29 00:41:47', '1'),
(27, 15, '2018-11-29 00:43:47', '1'),
(28, 15, '2018-11-29 00:52:53', '1'),
(29, 15, '2018-11-29 00:53:21', '1'),
(30, 15, '2018-11-29 00:53:31', '1'),
(31, 15, '2018-11-29 00:53:39', '1'),
(32, 15, '2018-11-29 00:54:59', '1'),
(33, 15, '2018-11-29 00:55:15', '1'),
(34, 15, '2018-11-29 00:55:50', '1'),
(35, 15, '2018-11-29 00:56:31', '1'),
(36, 15, '2018-11-29 00:56:40', '1'),
(37, 15, '2018-11-29 00:56:56', '1'),
(38, 15, '2018-11-29 00:57:32', '1'),
(39, 15, '2018-11-29 00:58:07', '1'),
(40, 15, '2018-11-29 00:58:29', '1'),
(41, 15, '2018-11-29 00:58:39', '1'),
(42, 15, '2018-11-29 00:58:44', '1'),
(43, 15, '2018-11-29 01:07:21', '1'),
(44, 15, '2018-11-29 01:08:11', '1'),
(45, 15, '2018-11-29 01:08:35', '1'),
(46, 15, '2018-11-29 01:09:22', '1'),
(47, 15, '2018-11-29 01:12:39', '1'),
(48, 15, '2018-11-29 01:13:07', '1'),
(49, 15, '2018-11-29 01:14:40', '1'),
(50, 15, '2018-11-29 01:14:53', '1'),
(51, 15, '2018-11-29 01:15:27', '1'),
(52, 15, '2018-11-29 01:16:55', '1'),
(53, 15, '2018-11-29 01:34:36', '1'),
(54, 15, '2018-11-29 01:34:55', '1'),
(55, 15, '2018-11-29 01:36:38', '1'),
(56, 15, '2018-11-29 01:37:14', '1'),
(57, 15, '2018-11-29 01:37:28', '1'),
(58, 15, '2018-11-29 01:39:29', '1'),
(59, 15, '2018-11-29 01:40:26', '1'),
(60, 15, '2018-11-29 01:40:42', '1'),
(61, 15, '2018-11-29 01:40:59', '1'),
(62, 15, '2018-11-29 01:41:15', '1'),
(63, 15, '2018-11-29 01:41:35', '1'),
(64, 15, '2018-11-29 01:41:54', '1'),
(65, 15, '2018-11-29 01:44:03', '1'),
(66, 15, '2018-11-29 01:44:38', '1'),
(67, 15, '2018-11-29 01:45:35', '1'),
(68, 15, '2018-11-29 01:45:55', '1'),
(69, 15, '2018-11-29 01:54:20', '1'),
(70, 15, '2018-11-29 01:56:15', '1'),
(71, 15, '2018-11-29 01:56:38', '1'),
(72, 15, '2018-11-29 01:56:57', '1'),
(73, 15, '2018-11-29 01:58:01', '1'),
(74, 15, '2018-11-29 02:08:55', '1'),
(75, 15, '2018-11-29 03:19:36', '1'),
(76, 15, '2018-11-29 03:20:05', '1'),
(77, 15, '2018-11-29 03:20:09', '1'),
(78, 15, '2018-11-29 03:21:19', '1'),
(79, 15, '2018-11-29 03:22:30', '1'),
(80, 15, '2018-11-29 03:23:07', '1'),
(81, 15, '2018-11-29 03:24:13', '1'),
(82, 15, '2018-11-29 03:24:55', '1'),
(83, 15, '2018-11-29 03:25:35', '1'),
(84, 15, '2018-11-29 03:28:55', '1'),
(85, 15, '2018-11-29 03:29:58', '1'),
(86, 15, '2018-11-29 03:38:46', '1'),
(87, 15, '2018-11-29 03:39:49', '1'),
(88, 15, '2018-11-29 03:40:02', '1'),
(89, 15, '2018-11-29 03:42:56', '1'),
(90, 15, '2018-11-29 03:44:25', '1'),
(91, 15, '2018-11-29 03:44:28', '1'),
(92, 15, '2018-11-29 03:45:11', '1'),
(93, 15, '2018-11-29 03:52:48', '1'),
(94, 15, '2018-11-29 03:52:58', '1'),
(95, 15, '2018-11-29 03:53:45', '1'),
(96, 15, '2018-11-29 03:59:06', '1'),
(97, 15, '2018-11-29 04:00:25', '1'),
(98, 15, '2018-11-29 04:01:30', '1'),
(99, 15, '2018-11-29 04:07:53', '1'),
(100, 15, '2018-11-29 04:08:55', '1'),
(101, 15, '2018-11-29 04:09:37', '1'),
(102, 15, '2018-11-29 04:58:05', '1'),
(103, 15, '2018-11-29 04:58:10', '1'),
(104, 15, '2018-11-29 05:00:11', '1'),
(105, 15, '2018-11-29 05:00:57', '1'),
(106, 15, '2018-11-29 05:03:14', '1'),
(107, 15, '2018-11-29 05:03:58', '1'),
(108, 15, '2018-11-29 05:04:17', '1'),
(109, 15, '2018-11-29 05:04:38', '1'),
(110, 15, '2018-11-29 05:05:44', '1'),
(111, 15, '2018-11-29 05:06:07', '1'),
(112, 15, '2018-11-29 05:06:58', '1'),
(113, 15, '2018-11-29 05:09:01', '1'),
(114, 15, '2018-11-29 05:09:29', '1'),
(115, 15, '2018-11-29 05:10:42', '1'),
(116, 15, '2018-11-29 05:12:29', '1'),
(117, 15, '2018-11-29 05:21:39', '1'),
(118, 15, '2018-11-29 05:22:06', '1'),
(119, 15, '2018-11-29 05:22:08', '1'),
(120, 15, '2018-11-29 05:22:13', '1'),
(121, 15, '2018-11-29 05:23:29', '1'),
(122, 15, '2018-11-29 05:24:45', '1'),
(123, 15, '2018-11-29 05:24:54', '1'),
(124, 15, '2018-11-29 05:27:50', '1'),
(125, 15, '2018-11-29 05:29:46', '1'),
(126, 15, '2018-11-29 05:31:43', '1'),
(127, 15, '2018-11-29 05:32:26', '1'),
(128, 15, '2018-11-29 05:32:40', '1'),
(129, 15, '2018-11-29 05:34:26', '1'),
(130, 15, '2018-11-29 05:34:39', '1'),
(131, 15, '2018-11-29 05:36:50', '1'),
(132, 15, '2018-11-29 05:37:59', '1'),
(133, 15, '2018-11-29 05:38:50', '1'),
(134, 15, '2018-11-29 05:40:01', '1'),
(135, 15, '2018-11-29 05:40:55', '1'),
(136, 15, '2018-11-29 05:43:53', '1'),
(137, 15, '2018-11-29 05:48:33', '1'),
(138, 15, '2018-11-29 05:59:34', '1'),
(139, 15, '2018-11-29 06:01:56', '1'),
(140, 15, '2018-11-29 06:01:56', '1'),
(141, 15, '2018-11-29 06:01:57', '1'),
(142, 15, '2018-11-29 06:01:57', '1'),
(143, 15, '2018-11-29 06:03:07', '1'),
(144, 15, '2018-11-29 06:04:30', '1'),
(145, 15, '2018-11-29 06:05:43', '1'),
(146, 15, '2018-11-29 06:06:28', '1'),
(147, 15, '2018-11-29 06:06:38', '1'),
(148, 15, '2018-11-29 06:06:38', '1'),
(149, 15, '2018-11-29 06:08:18', '1'),
(150, 15, '2018-11-29 06:08:36', '1'),
(151, 15, '2018-11-29 06:09:21', '1'),
(152, 15, '2018-11-29 06:09:30', '1'),
(153, 15, '2018-11-29 06:11:14', '1'),
(154, 15, '2018-11-29 06:11:47', '1'),
(155, 15, '2018-11-29 06:12:49', '1'),
(156, 15, '2018-11-29 06:12:50', '1'),
(157, 15, '2018-11-29 06:14:11', '1'),
(158, 15, '2018-11-29 06:14:33', '1'),
(159, 15, '2018-11-29 06:15:06', '1'),
(160, 15, '2018-11-29 06:15:14', '1'),
(161, 15, '2018-11-29 06:16:07', '1'),
(162, 15, '2018-11-29 06:18:30', '1'),
(163, 15, '2018-11-29 06:20:21', '1'),
(164, 15, '2018-11-29 06:21:20', '1'),
(165, 15, '2018-11-29 06:22:56', '1'),
(166, 15, '2018-11-29 06:25:33', '1'),
(167, 15, '2018-11-29 06:25:42', '1'),
(168, 15, '2018-11-29 06:26:12', '1'),
(169, 15, '2018-11-29 06:26:22', '1'),
(170, 15, '2018-11-29 06:27:28', '1'),
(171, 15, '2018-11-29 06:28:03', '1'),
(172, 15, '2018-11-29 06:29:20', '1'),
(173, 15, '2018-11-29 06:29:51', '1'),
(174, 15, '2018-11-29 06:31:42', '1'),
(175, 15, '2018-11-29 06:31:46', '1'),
(176, 15, '2018-11-29 06:32:50', '1'),
(177, 15, '2018-11-29 06:32:53', '1'),
(178, 15, '2018-11-29 06:33:26', '1'),
(179, 15, '2018-11-29 06:33:30', '1'),
(180, 15, '2018-11-29 06:33:31', '1'),
(181, 15, '2018-11-29 06:33:32', '1'),
(182, 15, '2018-11-29 06:33:46', '1'),
(183, 15, '2018-11-29 06:34:07', '1'),
(184, 15, '2018-11-29 06:35:47', '1'),
(185, 15, '2018-11-29 06:36:19', '1'),
(186, 15, '2018-11-29 06:36:52', '1'),
(187, 15, '2018-11-29 06:37:39', '1'),
(188, 15, '2018-11-29 06:38:08', '1'),
(189, 15, '2018-11-29 06:38:46', '1'),
(190, 15, '2018-11-29 06:39:07', '1'),
(191, 15, '2018-11-29 06:41:01', '1'),
(192, 15, '2018-11-29 06:43:56', '1'),
(193, 15, '2018-11-29 06:44:08', '1'),
(194, 15, '2018-11-29 06:44:36', '1'),
(195, 15, '2018-11-29 06:54:43', '1'),
(196, 15, '2018-11-29 06:54:59', '1'),
(197, 15, '2018-11-29 06:57:46', '1'),
(198, 15, '2018-11-29 06:57:47', '1'),
(199, 15, '2018-11-29 07:00:28', '1'),
(200, 15, '2018-11-29 22:03:43', '1'),
(201, 15, '2018-11-29 22:07:24', '1'),
(202, 15, '2018-11-29 22:07:25', '1'),
(203, 15, '2018-11-29 22:08:42', '1'),
(204, 15, '2018-11-29 22:42:08', '1'),
(205, 15, '2018-11-29 22:42:32', '1'),
(206, 15, '2018-11-29 22:43:16', '1'),
(207, 15, '2018-11-29 22:45:54', '1'),
(208, 15, '2018-11-29 22:47:32', '1'),
(209, 15, '2018-11-29 22:51:13', '1'),
(210, 15, '2018-11-30 00:26:38', '1'),
(211, 15, '2018-11-30 01:22:54', '1'),
(212, 15, '2018-11-30 01:22:56', '1'),
(213, 15, '2018-11-30 01:24:32', '1'),
(214, 15, '2018-11-30 01:27:06', '1'),
(215, 15, '2018-11-30 01:27:23', '1'),
(216, 15, '2018-11-30 01:27:31', '1'),
(217, 15, '2018-11-30 01:27:31', '1'),
(218, 15, '2018-11-30 01:27:32', '1'),
(219, 15, '2018-11-30 01:28:16', '1'),
(220, 15, '2018-11-30 01:28:18', '1'),
(221, 15, '2018-11-30 01:28:41', '1'),
(222, 15, '2018-11-30 01:29:14', '1'),
(223, 15, '2018-11-30 01:29:28', '1'),
(224, 15, '2018-11-30 01:30:20', '1'),
(225, 15, '2018-11-30 01:58:53', '1'),
(226, 15, '2018-11-30 02:01:27', '1'),
(227, 15, '2018-11-30 02:01:56', '1'),
(228, 15, '2018-11-30 03:22:14', '1'),
(229, 15, '2018-11-30 03:22:20', '1'),
(230, 15, '2018-11-30 03:28:36', '1'),
(231, 15, '2018-11-30 03:29:41', '1'),
(232, 15, '2018-11-30 03:30:49', '1'),
(233, 15, '2018-11-30 03:31:13', '1'),
(234, 15, '2018-11-30 03:32:36', '1'),
(235, 15, '2018-11-30 03:36:51', '1'),
(236, 15, '2018-11-30 03:39:39', '1'),
(237, 15, '2018-11-30 03:39:40', '1'),
(238, 15, '2018-11-30 03:47:57', '1'),
(239, 15, '2018-11-30 03:48:13', '1'),
(240, 15, '2018-11-30 03:48:21', '1'),
(241, 15, '2018-11-30 03:51:50', '1'),
(242, 15, '2018-11-30 03:53:50', '1'),
(243, 15, '2018-11-30 03:54:29', '1'),
(244, 15, '2018-11-30 03:55:03', '1'),
(245, 15, '2018-11-30 03:55:20', '1'),
(246, 15, '2018-11-30 03:55:55', '1'),
(247, 15, '2018-11-30 04:00:16', '1'),
(248, 15, '2018-11-30 04:01:33', '1'),
(249, 15, '2018-11-30 04:01:34', '1'),
(250, 15, '2018-11-30 04:01:36', '1'),
(251, 15, '2018-11-30 04:01:36', '1'),
(252, 15, '2018-11-30 04:02:01', '1'),
(253, 15, '2018-11-30 04:02:38', '1'),
(254, 15, '2018-11-30 04:02:39', '1'),
(255, 15, '2018-11-30 04:02:39', '1'),
(256, 15, '2018-11-30 04:02:57', '1'),
(257, 15, '2018-11-30 04:04:04', '1'),
(258, 15, '2018-11-30 04:04:05', '1'),
(259, 15, '2018-11-30 04:04:23', '1'),
(260, 15, '2018-11-30 04:04:24', '1'),
(261, 15, '2018-11-30 04:04:25', '1'),
(262, 15, '2018-11-30 04:06:29', '1'),
(263, 15, '2018-11-30 04:06:56', '1'),
(264, 15, '2018-11-30 04:24:31', '1'),
(265, 15, '2018-11-30 04:25:47', '1'),
(266, 15, '2018-11-30 04:26:21', '1'),
(267, 15, '2018-11-30 04:27:31', '1'),
(268, 15, '2018-11-30 04:29:52', '1'),
(269, 15, '2018-11-30 04:30:04', '1'),
(270, 15, '2018-11-30 04:30:59', '1'),
(271, 15, '2018-11-30 04:31:32', '1'),
(272, 15, '2018-11-30 04:34:44', '1'),
(273, 15, '2018-11-30 04:35:53', '1'),
(274, 15, '2018-11-30 04:36:13', '1'),
(275, 15, '2018-11-30 04:36:50', '1'),
(276, 15, '2018-11-30 04:37:55', '1'),
(277, 15, '2018-11-30 05:03:08', '1'),
(278, 15, '2018-11-30 05:03:26', '1'),
(279, 15, '2018-11-30 05:04:02', '1'),
(280, 15, '2018-11-30 05:20:38', '1'),
(281, 15, '2018-11-30 05:21:19', '1'),
(282, 15, '2018-11-30 05:21:19', '1'),
(283, 15, '2018-11-30 05:22:02', '1'),
(284, 15, '2018-11-30 05:22:20', '1'),
(285, 15, '2018-11-30 05:23:54', '1'),
(286, 15, '2018-11-30 05:25:24', '1'),
(287, 15, '2018-11-30 05:25:57', '1'),
(288, 15, '2018-11-30 05:27:39', '1'),
(289, 15, '2018-11-30 05:28:39', '1'),
(290, 15, '2018-11-30 05:36:24', '1'),
(291, 15, '2018-11-30 05:42:44', '1'),
(292, 15, '2018-11-30 05:43:17', '1'),
(293, 15, '2018-11-30 05:43:40', '1'),
(294, 15, '2018-11-30 05:52:47', '1'),
(295, 15, '2018-11-30 05:53:04', '1'),
(296, 15, '2018-11-30 05:53:31', '1'),
(297, 15, '2018-11-30 05:56:17', '1'),
(298, 15, '2018-11-30 05:58:52', '1'),
(299, 15, '2018-11-30 06:00:54', '1'),
(300, 15, '2018-11-30 06:01:58', '1'),
(301, 15, '2018-11-30 06:02:32', '1'),
(302, 15, '2018-11-30 06:05:09', '1'),
(303, 15, '2018-11-30 06:05:32', '1'),
(304, 15, '2018-11-30 06:06:24', '1'),
(305, 15, '2018-11-30 06:10:15', '1'),
(306, 15, '2018-11-30 06:11:44', '1'),
(307, 15, '2018-11-30 06:15:47', '1'),
(308, 15, '2018-11-30 06:17:09', '1'),
(309, 15, '2018-11-30 06:17:24', '1'),
(310, 15, '2018-11-30 06:18:27', '1'),
(311, 15, '2018-11-30 06:19:43', '1'),
(312, 15, '2018-11-30 06:20:27', '1'),
(313, 15, '2018-11-30 06:20:36', '1'),
(314, 15, '2018-11-30 06:21:27', '1'),
(315, 15, '2018-11-30 06:22:14', '1'),
(316, 15, '2018-11-30 06:23:11', '1'),
(317, 15, '2018-11-30 06:24:11', '1'),
(318, 15, '2018-11-30 06:26:00', '1'),
(319, 15, '2018-11-30 06:26:23', '1'),
(320, 15, '2018-11-30 06:38:31', '1'),
(321, 15, '2018-11-30 06:39:05', '1'),
(322, 15, '2018-11-30 06:42:33', '1'),
(323, 15, '2018-11-30 06:42:54', '1'),
(324, 15, '2018-11-30 06:45:56', '1'),
(325, 15, '2018-11-30 06:53:08', '1'),
(326, 15, '2018-11-30 22:39:22', '1'),
(327, 15, '2018-11-30 22:40:05', '1'),
(328, 15, '2018-11-30 22:40:29', '1'),
(329, 15, '2018-11-30 22:46:04', '1'),
(330, 15, '2018-11-30 22:46:54', '1'),
(331, 15, '2018-11-30 22:47:28', '1'),
(332, 15, '2018-11-30 22:50:24', '1'),
(333, 15, '2018-11-30 22:52:00', '1'),
(334, 15, '2018-11-30 22:53:55', '1'),
(335, 15, '2018-11-30 22:54:13', '1'),
(336, 15, '2018-11-30 22:57:07', '1'),
(337, 15, '2018-11-30 22:57:37', '1'),
(338, 15, '2018-11-30 22:58:15', '1'),
(339, 15, '2018-11-30 22:58:18', '1'),
(340, 15, '2018-11-30 22:58:59', '1'),
(341, 15, '2018-11-30 22:59:27', '1'),
(342, 15, '2018-11-30 23:00:44', '1'),
(343, 15, '2018-11-30 23:42:16', '1'),
(344, 15, '2018-11-30 23:45:42', '1'),
(345, 15, '2018-11-30 23:46:17', '1'),
(346, 15, '2018-11-30 23:47:08', '1'),
(347, 15, '2018-11-30 23:48:18', '1'),
(348, 15, '2018-11-30 23:48:22', '1'),
(349, 15, '2018-11-30 23:48:43', '1'),
(350, 15, '2018-11-30 23:48:47', '1'),
(351, 15, '2018-11-30 23:52:19', '1'),
(352, 15, '2018-11-30 23:52:24', '1'),
(353, 15, '2018-11-30 23:52:27', '1'),
(354, 15, '2018-11-30 23:52:32', '1'),
(355, 15, '2018-11-30 23:52:51', '1'),
(356, 15, '2018-11-30 23:52:55', '1'),
(357, 15, '2018-11-30 23:54:37', '1'),
(358, 15, '2018-11-30 23:54:45', '1'),
(359, 15, '2018-11-30 23:55:16', '1'),
(360, 15, '2018-11-30 23:55:21', '1'),
(361, 15, '2018-12-01 00:03:11', '1'),
(362, 15, '2018-12-01 00:03:35', '1'),
(363, 15, '2018-12-01 00:04:40', '1'),
(364, 15, '2018-12-01 00:04:58', '1'),
(365, 15, '2018-12-01 00:06:41', '1'),
(366, 15, '2018-12-01 00:07:25', '1'),
(367, 15, '2018-12-01 00:50:17', '1'),
(368, 15, '2018-12-01 00:53:05', '1'),
(369, 15, '2018-12-01 01:13:20', '1'),
(370, 15, '2018-12-01 01:13:42', '1'),
(371, 15, '2018-12-01 01:14:06', '1'),
(372, 15, '2018-12-01 01:14:08', '1'),
(373, 15, '2018-12-01 01:14:35', '1'),
(374, 15, '2018-12-01 01:15:42', '1'),
(375, 15, '2018-12-01 01:16:19', '1'),
(376, 15, '2018-12-01 01:18:01', '1'),
(377, 15, '2018-12-01 01:20:15', '1'),
(378, 15, '2018-12-01 01:20:38', '1'),
(379, 15, '2018-12-01 01:21:52', '1'),
(380, 15, '2018-12-01 01:22:07', '1'),
(381, 15, '2018-12-01 01:22:30', '1'),
(382, 15, '2018-12-01 01:22:49', '1'),
(383, 15, '2018-12-01 01:22:53', '1'),
(384, 15, '2018-12-01 01:22:57', '1'),
(385, 15, '2018-12-01 01:23:00', '1'),
(386, 15, '2018-12-01 01:23:22', '1'),
(387, 15, '2018-12-01 01:23:26', '1'),
(388, 15, '2018-12-01 01:31:21', '1'),
(389, 15, '2018-12-01 01:31:34', '1'),
(390, 15, '2018-12-01 01:32:40', '1'),
(391, 15, '2018-12-01 01:33:13', '1'),
(392, 15, '2018-12-01 01:34:19', '1'),
(393, 15, '2018-12-01 01:34:41', '1'),
(394, 15, '2018-12-01 01:34:50', '1'),
(395, 15, '2018-12-01 01:34:53', '1'),
(396, 15, '2018-12-01 01:44:18', '1'),
(397, 15, '2018-12-01 01:44:21', '1'),
(398, 15, '2018-12-01 01:56:30', '1'),
(399, 15, '2018-12-01 01:56:33', '1'),
(400, 15, '2018-12-01 01:58:42', '1'),
(401, 15, '2018-12-01 01:58:45', '1'),
(402, 15, '2018-12-01 02:00:16', '1'),
(403, 15, '2018-12-01 02:00:57', '1'),
(404, 15, '2018-12-01 02:01:03', '1'),
(405, 15, '2018-12-01 02:01:24', '1'),
(406, 15, '2018-12-01 02:01:27', '1'),
(407, 15, '2018-12-01 02:01:29', '1'),
(408, 15, '2018-12-01 02:02:11', '1'),
(409, 15, '2018-12-01 02:02:36', '1'),
(410, 15, '2018-12-01 02:02:58', '1'),
(411, 15, '2018-12-01 02:09:00', '1'),
(412, 15, '2018-12-01 02:10:07', '1'),
(413, 15, '2018-12-01 02:14:43', '1'),
(414, 15, '2018-12-01 02:14:54', '1'),
(415, 15, '2018-12-01 02:23:24', '1'),
(416, 15, '2018-12-01 02:23:28', '1'),
(417, 15, '2018-12-01 02:24:16', '1'),
(418, 15, '2018-12-01 02:24:19', '1'),
(419, 15, '2018-12-01 02:24:21', '1'),
(420, 15, '2018-12-01 02:24:22', '1'),
(421, 15, '2018-12-01 02:24:28', '1'),
(422, 15, '2018-12-01 02:24:29', '1'),
(423, 15, '2018-12-01 02:24:43', '1'),
(424, 15, '2018-12-01 02:24:49', '1'),
(425, 15, '2018-12-01 02:25:01', '1'),
(426, 15, '2018-12-01 03:37:59', '1'),
(427, 15, '2018-12-01 03:38:43', '1'),
(428, 15, '2018-12-01 03:39:42', '1'),
(429, 15, '2019-01-03 04:14:02', '1'),
(430, 15, '2019-01-03 04:19:40', '1'),
(431, 15, '2019-01-03 04:20:46', '1'),
(432, 15, '2019-01-03 04:21:11', '1'),
(433, 15, '2019-01-03 04:21:13', '1'),
(434, 15, '2019-01-03 04:21:15', '1'),
(435, 15, '2019-01-03 04:21:21', '1'),
(436, 15, '2019-01-03 04:22:10', '1'),
(437, 15, '2019-01-03 04:22:33', '1'),
(438, 15, '2019-01-03 04:23:16', '1'),
(439, 15, '2019-01-03 04:23:30', '1'),
(440, 15, '2019-01-03 04:23:49', '1'),
(441, 15, '2019-01-03 04:24:08', '1'),
(442, 15, '2019-01-03 04:24:54', '1'),
(443, 15, '2019-01-03 04:29:32', '1'),
(444, 15, '2019-01-03 04:29:44', '1'),
(445, 15, '2019-01-03 04:30:52', '1'),
(446, 15, '2019-01-03 04:30:52', '1'),
(447, 15, '2019-01-03 04:31:56', '1'),
(448, 15, '2019-01-03 04:31:56', '2'),
(449, 15, '2019-01-03 04:31:56', '2'),
(450, 15, '2019-01-03 04:31:56', '1'),
(451, 15, '2019-01-03 04:35:20', '1'),
(452, 15, '2019-01-03 04:36:23', '1'),
(453, 15, '2019-01-03 05:19:43', '1'),
(454, 15, '2019-01-03 05:20:49', '1'),
(455, 15, '2019-01-03 05:34:14', '1'),
(456, 15, '2019-01-03 05:53:43', '1'),
(457, 15, '2019-01-03 05:53:45', '1'),
(458, 15, '2019-01-03 05:53:50', '1'),
(459, 15, '2019-01-03 05:53:51', '1'),
(460, 15, '2019-01-03 05:53:59', '2'),
(461, 15, '2019-01-03 05:54:07', '1'),
(462, 15, '2019-01-03 05:54:44', '1'),
(463, 15, '2019-01-03 05:57:59', '1'),
(464, 15, '2019-01-03 05:58:00', '1'),
(465, 15, '2019-01-03 05:58:43', '1'),
(466, 15, '2019-01-03 05:58:43', '1'),
(467, 15, '2019-01-03 23:36:15', '1'),
(468, 15, '2019-01-04 01:21:36', '1'),
(469, 15, '2019-01-04 01:43:15', '1'),
(470, 15, '2019-01-04 01:56:36', '1'),
(471, 15, '2019-01-04 01:56:41', '2'),
(472, 33, '2019-01-04 01:57:48', '1'),
(473, 33, '2019-01-04 04:01:09', '1'),
(474, 33, '2019-01-04 04:01:10', '1'),
(475, 33, '2019-01-04 04:02:22', '1'),
(476, 33, '2019-01-04 04:09:07', '1'),
(477, 33, '2019-01-04 04:09:09', '1'),
(478, 33, '2019-01-04 04:24:52', '1'),
(479, 33, '2019-01-04 04:54:45', '1'),
(480, 33, '2019-01-04 04:56:49', '1'),
(481, 33, '2019-01-04 05:35:04', '1'),
(482, 33, '2019-01-04 05:45:30', '2'),
(483, 15, '2019-01-04 05:46:22', '1'),
(484, 15, '2019-01-04 05:46:59', '2'),
(485, 33, '2019-01-04 05:47:13', '1'),
(486, 33, '2019-01-04 05:54:11', '1'),
(487, 33, '2019-01-04 06:22:27', '2'),
(488, 15, '2019-01-04 06:23:13', '1'),
(489, 15, '2019-01-04 06:39:10', '1'),
(490, 15, '2019-01-04 06:49:05', '2'),
(491, 15, '2019-01-04 22:37:57', '1'),
(492, 15, '2019-01-04 22:38:32', '2'),
(493, 33, '2019-01-04 22:38:41', '1'),
(494, 33, '2019-01-04 22:39:02', '2'),
(495, 15, '2019-01-04 22:39:10', '1'),
(496, 15, '2019-01-04 22:39:22', '2'),
(497, 15, '2019-01-04 22:40:29', '1'),
(498, 15, '2019-01-04 22:49:54', '2'),
(499, 15, '2019-01-05 00:37:34', '1'),
(500, 15, '2019-01-05 00:41:13', '2'),
(501, 15, '2019-01-05 00:41:20', '1'),
(502, 15, '2019-01-05 00:41:27', '1'),
(503, 15, '2019-01-05 00:41:33', '1'),
(504, 15, '2019-01-05 00:44:19', '1'),
(505, 15, '2019-01-05 00:45:08', '1'),
(506, 15, '2019-01-05 00:45:37', '1'),
(507, 15, '2019-01-05 01:05:53', '1'),
(508, 15, '2019-01-05 01:05:55', '1'),
(509, 15, '2019-01-05 01:09:11', '1'),
(510, 15, '2019-01-05 01:25:19', '2'),
(511, 15, '2019-01-05 01:51:38', '1'),
(512, 15, '2019-01-05 01:54:24', '2'),
(513, 15, '2019-01-05 04:19:41', '1'),
(514, 15, '2019-01-05 04:27:45', '1'),
(515, 15, '2019-01-05 04:29:11', '1'),
(516, 15, '2019-01-05 04:30:15', '1'),
(517, 15, '2019-01-05 06:55:05', '1'),
(518, 15, '2019-01-05 06:56:21', '1'),
(519, 15, '2019-01-05 06:56:29', '2'),
(520, 15, '2019-01-05 06:59:57', '1'),
(521, 15, '2019-01-05 07:12:47', '2'),
(522, 148, '2019-01-05 07:28:28', '1'),
(523, 15, '2019-01-06 23:18:25', '1'),
(524, 15, '2019-01-06 23:22:20', '2'),
(525, 149, '2019-01-06 23:24:08', '1'),
(526, 149, '2019-01-06 23:29:05', '1'),
(527, 149, '2019-01-06 23:32:45', '1'),
(528, 149, '2019-01-06 23:34:04', '1'),
(529, 149, '2019-01-06 23:51:20', '1'),
(530, 149, '2019-01-06 23:53:02', '1'),
(531, 149, '2019-01-06 23:53:27', '1'),
(532, 149, '2019-01-06 23:54:52', '1'),
(533, 149, '2019-01-07 00:03:58', '1'),
(534, 149, '2019-01-07 00:11:58', '1'),
(535, 149, '2019-01-07 00:11:59', '1'),
(536, 149, '2019-01-07 00:13:34', '1'),
(537, 149, '2019-01-07 00:32:27', '1'),
(538, 149, '2019-01-07 00:34:07', '1'),
(539, 149, '2019-01-07 00:34:31', '1'),
(540, 149, '2019-01-07 00:38:12', '1'),
(541, 149, '2019-01-07 00:38:58', '1'),
(542, 149, '2019-01-07 00:39:28', '1'),
(543, 149, '2019-01-07 00:40:06', '1'),
(544, 149, '2019-01-07 00:40:52', '1'),
(545, 149, '2019-01-07 00:42:44', '1'),
(546, 149, '2019-01-07 00:57:37', '1'),
(547, 149, '2019-01-07 00:58:46', '1'),
(548, 149, '2019-01-07 00:59:39', '1'),
(549, 149, '2019-01-07 01:00:01', '1'),
(550, 149, '2019-01-07 01:00:19', '1'),
(551, 149, '2019-01-07 01:10:03', '1'),
(552, 149, '2019-01-07 01:10:39', '1'),
(553, 149, '2019-01-07 01:11:05', '1'),
(554, 149, '2019-01-07 01:11:07', '1'),
(555, 149, '2019-01-07 01:12:45', '1'),
(556, 149, '2019-01-07 01:13:02', '1'),
(557, 149, '2019-01-07 01:19:18', '1'),
(558, 149, '2019-01-07 01:26:08', '1'),
(559, 149, '2019-01-07 01:30:27', '1'),
(560, 149, '2019-01-07 01:32:06', '1'),
(561, 149, '2019-01-07 01:32:57', '1'),
(562, 149, '2019-01-07 01:33:23', '1'),
(563, 149, '2019-01-07 01:34:22', '1'),
(564, 149, '2019-01-07 01:35:26', '1'),
(565, 149, '2019-01-07 01:35:44', '1'),
(566, 149, '2019-01-07 01:36:14', '1'),
(567, 149, '2019-01-07 01:38:46', '1'),
(568, 149, '2019-01-07 01:38:57', '1'),
(569, 149, '2019-01-07 01:39:16', '1'),
(570, 149, '2019-01-07 01:51:50', '1'),
(571, 149, '2019-01-07 01:58:35', '1'),
(572, 149, '2019-01-07 01:59:31', '1'),
(573, 149, '2019-01-07 01:59:46', '1'),
(574, 149, '2019-01-07 02:00:39', '1'),
(575, 149, '2019-01-07 02:08:09', '1'),
(576, 149, '2019-01-07 02:09:13', '1'),
(577, 149, '2019-01-07 02:10:03', '1'),
(578, 149, '2019-01-07 02:10:16', '1'),
(579, 149, '2019-01-07 02:10:28', '1'),
(580, 149, '2019-01-07 02:10:41', '1'),
(581, 149, '2019-01-07 03:25:34', '1'),
(582, 149, '2019-01-07 03:26:34', '1'),
(583, 149, '2019-01-07 03:27:48', '1'),
(584, 149, '2019-01-07 03:46:05', '1'),
(585, 149, '2019-01-07 03:47:53', '1'),
(586, 149, '2019-01-07 03:49:13', '1'),
(587, 149, '2019-01-07 03:50:47', '1'),
(588, 149, '2019-01-07 03:50:51', '1'),
(589, 149, '2019-01-07 03:51:52', '1'),
(590, 149, '2019-01-07 03:51:52', '1'),
(591, 149, '2019-01-07 03:51:52', '1'),
(592, 149, '2019-01-07 03:51:52', '1'),
(593, 149, '2019-01-07 03:52:22', '1'),
(594, 149, '2019-01-07 03:53:22', '1'),
(595, 149, '2019-01-07 03:54:22', '1'),
(596, 149, '2019-01-07 03:57:31', '1'),
(597, 149, '2019-01-07 03:57:34', '1'),
(598, 149, '2019-01-07 04:00:06', '1'),
(599, 149, '2019-01-07 04:00:22', '1'),
(600, 149, '2019-01-07 04:01:52', '1'),
(601, 149, '2019-01-07 04:08:26', '1'),
(602, 149, '2019-01-07 04:08:52', '1'),
(603, 149, '2019-01-07 04:09:27', '1'),
(604, 149, '2019-01-07 04:09:36', '1'),
(605, 149, '2019-01-07 04:10:02', '1'),
(606, 149, '2019-01-07 04:10:21', '1'),
(607, 149, '2019-01-07 04:10:56', '1'),
(608, 149, '2019-01-07 04:10:59', '1'),
(609, 149, '2019-01-07 04:11:04', '1'),
(610, 149, '2019-01-07 04:11:17', '1'),
(611, 149, '2019-01-07 04:11:34', '1'),
(612, 149, '2019-01-07 04:12:25', '1'),
(613, 149, '2019-01-07 04:12:29', '1'),
(614, 149, '2019-01-07 04:12:48', '1'),
(615, 149, '2019-01-07 04:13:05', '1'),
(616, 149, '2019-01-07 04:15:01', '1'),
(617, 149, '2019-01-07 04:17:04', '1'),
(618, 149, '2019-01-07 04:18:49', '1'),
(619, 149, '2019-01-07 04:19:04', '1'),
(620, 149, '2019-01-07 04:19:52', '1'),
(621, 149, '2019-01-07 04:20:45', '1'),
(622, 149, '2019-01-07 04:21:39', '1'),
(623, 149, '2019-01-07 04:21:43', '1'),
(624, 149, '2019-01-07 04:21:56', '1'),
(625, 149, '2019-01-07 04:27:51', '1'),
(626, 149, '2019-01-07 04:28:59', '1'),
(627, 149, '2019-01-07 04:35:12', '1'),
(628, 149, '2019-01-07 05:15:14', '1'),
(629, 149, '2019-01-07 06:14:09', '1'),
(630, 149, '2019-01-07 06:36:36', '1'),
(631, 149, '2019-01-07 06:36:42', '1'),
(632, 149, '2019-01-07 06:36:52', '1'),
(633, 149, '2019-01-07 06:38:43', '1'),
(634, 149, '2019-01-07 06:38:43', '1'),
(635, 149, '2019-01-07 06:38:43', '1'),
(636, 149, '2019-01-07 06:38:43', '1'),
(637, 149, '2019-01-07 06:38:43', '1'),
(638, 149, '2019-01-07 06:38:44', '1'),
(639, 149, '2019-01-07 06:38:44', '1'),
(640, 149, '2019-01-07 06:38:44', '1'),
(641, 149, '2019-01-07 06:43:13', '1'),
(642, 149, '2019-01-07 06:46:49', '1'),
(643, 149, '2019-01-07 06:52:07', '1'),
(644, 149, '2019-01-07 23:48:38', '1'),
(645, 149, '2019-01-08 04:43:38', '1'),
(646, 149, '2019-01-08 04:45:07', '1'),
(647, 149, '2019-01-08 04:45:12', '1'),
(648, 149, '2019-01-08 04:45:43', '1'),
(649, 149, '2019-01-08 04:45:47', '1'),
(650, 149, '2019-01-08 04:50:24', '1'),
(651, 149, '2019-01-08 04:53:43', '1'),
(652, 149, '2019-01-08 23:09:38', '1'),
(653, 149, '2019-01-09 01:19:21', '1'),
(654, 149, '2019-01-09 01:19:56', '1'),
(655, 149, '2019-01-09 01:19:59', '1'),
(656, 149, '2019-01-09 01:20:07', '1'),
(657, 149, '2019-01-09 01:20:43', '1'),
(658, 149, '2019-01-09 01:20:47', '1'),
(659, 149, '2019-01-09 01:20:51', '1'),
(660, 149, '2019-01-09 01:20:54', '1'),
(661, 149, '2019-01-09 01:21:02', '1'),
(662, 149, '2019-01-09 01:21:05', '1'),
(663, 149, '2019-01-09 01:21:16', '1'),
(664, 149, '2019-01-09 01:21:19', '1'),
(665, 149, '2019-01-09 01:21:24', '1'),
(666, 149, '2019-01-09 01:21:43', '1'),
(667, 149, '2019-01-09 01:52:09', '1'),
(668, 149, '2019-01-09 01:58:38', '1'),
(669, 149, '2019-01-09 03:40:05', '1'),
(670, 149, '2019-01-09 03:40:05', '1'),
(671, 149, '2019-01-09 03:41:04', '1'),
(672, 149, '2019-01-09 03:43:54', '1'),
(673, 149, '2019-01-09 06:08:05', '1'),
(674, 149, '2019-01-09 06:08:06', '1'),
(675, 149, '2019-01-09 06:35:13', '1'),
(676, 149, '2019-01-09 06:35:44', '1'),
(677, 149, '2019-01-09 07:06:33', '1'),
(678, 149, '2019-01-09 07:07:38', '1'),
(679, 149, '2019-01-09 07:08:08', '1'),
(680, 15, '2019-01-09 23:34:41', '1'),
(681, 15, '2019-01-10 01:13:08', '2'),
(682, 149, '2019-01-10 01:13:18', '1'),
(683, 149, '2019-01-10 05:13:36', '2'),
(684, 149, '2019-01-10 05:39:47', '1'),
(685, 149, '2019-01-10 22:50:35', '1'),
(686, 149, '2019-01-10 23:20:20', '1'),
(687, 149, '2019-01-10 23:22:39', '1'),
(688, 149, '2019-01-10 23:23:01', '1'),
(689, 149, '2019-01-10 23:23:55', '1'),
(690, 149, '2019-01-10 23:24:48', '1'),
(691, 149, '2019-01-10 23:24:54', '2'),
(692, 15, '2019-01-10 23:25:03', '1'),
(693, 15, '2019-01-10 23:25:10', '1'),
(694, 15, '2019-01-10 23:25:16', '2'),
(695, 33, '2019-01-10 23:25:32', '1'),
(696, 33, '2019-01-10 23:25:39', '2'),
(697, 149, '2019-01-10 23:25:48', '1'),
(698, 149, '2019-01-10 23:26:41', '1'),
(699, 149, '2019-01-13 22:42:11', '1'),
(700, 149, '2019-01-13 23:05:41', '1'),
(701, 149, '2019-01-13 23:12:16', '1'),
(702, 149, '2019-01-14 01:48:06', '1'),
(703, 149, '2019-01-14 01:48:52', '1'),
(704, 149, '2019-01-14 03:51:06', '1'),
(705, 149, '2019-01-14 03:52:36', '1'),
(706, 149, '2019-01-14 04:40:56', '1'),
(707, 149, '2019-01-14 04:43:16', '1'),
(708, 149, '2019-01-14 04:44:17', '1'),
(709, 149, '2019-01-14 04:44:17', '1'),
(710, 149, '2019-01-14 04:44:18', '1'),
(711, 149, '2019-01-14 04:45:08', '1'),
(712, 149, '2019-01-14 04:45:20', '1'),
(713, 149, '2019-01-14 04:46:00', '1'),
(714, 149, '2019-01-14 04:47:30', '1'),
(715, 149, '2019-01-14 04:48:31', '1'),
(716, 149, '2019-01-14 04:49:15', '1'),
(717, 149, '2019-01-14 04:49:19', '1'),
(718, 149, '2019-01-14 04:49:47', '1'),
(719, 149, '2019-01-14 04:50:00', '1'),
(720, 149, '2019-01-14 04:51:00', '1'),
(721, 149, '2019-01-14 04:51:00', '1'),
(722, 149, '2019-01-14 04:52:05', '1'),
(723, 149, '2019-01-14 04:52:37', '1'),
(724, 149, '2019-01-14 04:53:11', '1'),
(725, 149, '2019-01-14 04:53:15', '1'),
(726, 149, '2019-01-14 04:53:26', '1'),
(727, 149, '2019-01-14 04:55:17', '1'),
(728, 149, '2019-01-14 04:57:42', '1'),
(729, 149, '2019-01-14 04:59:33', '1'),
(730, 149, '2019-01-14 05:00:36', '1'),
(731, 149, '2019-01-14 05:01:03', '1'),
(732, 149, '2019-01-14 05:02:19', '1'),
(733, 149, '2019-01-14 05:04:14', '1'),
(734, 149, '2019-01-14 05:05:35', '1'),
(735, 149, '2019-01-14 05:06:13', '1'),
(736, 149, '2019-01-14 05:06:26', '1'),
(737, 149, '2019-01-14 05:08:20', '1'),
(738, 149, '2019-01-14 05:08:52', '1'),
(739, 149, '2019-01-14 05:08:59', '1'),
(740, 149, '2019-01-14 05:09:17', '1'),
(741, 149, '2019-01-14 05:09:31', '1'),
(742, 149, '2019-01-14 05:09:49', '1'),
(743, 149, '2019-01-14 05:10:00', '1'),
(744, 149, '2019-01-14 05:11:15', '1'),
(745, 149, '2019-01-14 05:11:48', '1'),
(746, 149, '2019-01-14 05:12:05', '1'),
(747, 149, '2019-01-14 05:13:06', '1'),
(748, 149, '2019-01-14 05:13:32', '1'),
(749, 149, '2019-01-14 05:14:34', '1'),
(750, 149, '2019-01-14 05:16:38', '1'),
(751, 149, '2019-01-14 05:20:10', '1'),
(752, 149, '2019-01-14 05:21:32', '1'),
(753, 149, '2019-01-14 05:36:44', '1'),
(754, 149, '2019-01-14 05:37:45', '1'),
(755, 149, '2019-01-14 05:40:54', '1'),
(756, 149, '2019-01-14 05:41:21', '1'),
(757, 149, '2019-01-14 05:41:39', '1'),
(758, 149, '2019-01-14 05:42:31', '1'),
(759, 149, '2019-01-14 05:42:37', '1'),
(760, 149, '2019-01-14 05:42:53', '1'),
(761, 149, '2019-01-14 05:43:54', '1'),
(762, 149, '2019-01-14 05:43:54', '1'),
(763, 149, '2019-01-14 05:44:59', '1'),
(764, 149, '2019-01-14 06:03:38', '1'),
(765, 149, '2019-01-14 06:08:28', '1'),
(766, 149, '2019-01-14 06:11:26', '1'),
(767, 149, '2019-01-14 06:11:41', '1'),
(768, 149, '2019-01-14 06:13:31', '1'),
(769, 149, '2019-01-14 06:14:33', '1'),
(770, 149, '2019-01-14 23:02:48', '1'),
(771, 149, '2019-01-15 01:32:57', '1'),
(772, 149, '2019-01-15 01:33:10', '1'),
(773, 149, '2019-01-15 01:33:31', '1'),
(774, 149, '2019-01-15 01:34:09', '1'),
(775, 149, '2019-01-15 01:34:59', '1'),
(776, 149, '2019-01-15 01:35:03', '1'),
(777, 149, '2019-01-15 01:35:17', '1'),
(778, 149, '2019-01-15 01:35:20', '1'),
(779, 149, '2019-01-15 01:36:18', '1'),
(780, 149, '2019-01-15 01:38:36', '1'),
(781, 149, '2019-01-15 01:39:09', '1'),
(782, 149, '2019-01-15 01:39:13', '1'),
(783, 149, '2019-01-15 01:39:47', '1'),
(784, 149, '2019-01-15 01:40:07', '1'),
(785, 149, '2019-01-15 01:40:35', '1'),
(786, 149, '2019-01-15 01:41:10', '1'),
(787, 149, '2019-01-15 01:42:12', '1'),
(788, 149, '2019-01-15 01:42:28', '1'),
(789, 149, '2019-01-15 01:44:04', '1'),
(790, 149, '2019-01-15 01:59:12', '1'),
(791, 149, '2019-01-15 01:59:13', '1'),
(792, 149, '2019-01-15 01:59:44', '1'),
(793, 149, '2019-01-15 02:03:07', '1'),
(794, 149, '2019-01-15 02:03:11', '1'),
(795, 149, '2019-01-15 02:06:23', '1'),
(796, 149, '2019-01-15 02:08:12', '1'),
(797, 149, '2019-01-15 02:11:05', '1'),
(798, 149, '2019-01-15 02:11:40', '1'),
(799, 149, '2019-01-15 03:00:09', '1'),
(800, 149, '2019-01-15 03:01:50', '1'),
(801, 149, '2019-01-15 03:02:15', '1'),
(802, 149, '2019-01-15 03:02:52', '1'),
(803, 149, '2019-01-15 03:02:52', '1'),
(804, 149, '2019-01-15 03:03:54', '1'),
(805, 149, '2019-01-15 03:04:08', '1'),
(806, 149, '2019-01-15 03:04:18', '1'),
(807, 149, '2019-01-15 03:04:33', '1'),
(808, 149, '2019-01-15 03:04:46', '1'),
(809, 149, '2019-01-15 03:05:15', '1'),
(810, 149, '2019-01-15 03:06:11', '1'),
(811, 149, '2019-01-15 03:10:17', '1'),
(812, 149, '2019-01-15 03:10:17', '1'),
(813, 149, '2019-01-15 03:10:35', '1'),
(814, 149, '2019-01-15 03:10:37', '1'),
(815, 149, '2019-01-15 03:11:15', '1'),
(816, 149, '2019-01-15 03:11:34', '1'),
(817, 149, '2019-01-15 03:11:47', '1'),
(818, 149, '2019-01-15 03:12:03', '1'),
(819, 149, '2019-01-15 03:17:06', '1'),
(820, 149, '2019-01-15 03:17:35', '1'),
(821, 149, '2019-01-15 03:18:49', '1'),
(822, 149, '2019-01-15 03:18:55', '1'),
(823, 149, '2019-01-15 03:20:37', '1'),
(824, 149, '2019-01-15 03:20:49', '1'),
(825, 149, '2019-01-15 03:21:24', '1'),
(826, 149, '2019-01-15 03:21:28', '1'),
(827, 149, '2019-01-15 03:21:35', '1'),
(828, 149, '2019-01-15 03:22:02', '1'),
(829, 149, '2019-01-15 03:22:10', '1'),
(830, 149, '2019-01-15 03:22:30', '1'),
(831, 149, '2019-01-15 03:22:58', '1'),
(832, 149, '2019-01-15 03:39:17', '1'),
(833, 149, '2019-01-15 03:39:39', '1'),
(834, 149, '2019-01-15 03:39:58', '1'),
(835, 149, '2019-01-15 03:57:49', '1'),
(836, 149, '2019-01-15 03:58:02', '1'),
(837, 149, '2019-01-15 03:58:55', '1'),
(838, 149, '2019-01-15 03:59:18', '1'),
(839, 149, '2019-01-15 04:03:19', '1'),
(840, 149, '2019-01-15 04:03:58', '1'),
(841, 149, '2019-01-15 04:06:24', '1'),
(842, 149, '2019-01-15 04:06:57', '1'),
(843, 149, '2019-01-15 04:07:32', '1'),
(844, 149, '2019-01-15 04:08:17', '1'),
(845, 149, '2019-01-15 04:08:42', '1'),
(846, 149, '2019-01-15 04:09:00', '1'),
(847, 149, '2019-01-15 04:10:58', '1'),
(848, 149, '2019-01-15 04:15:06', '1'),
(849, 149, '2019-01-15 04:15:13', '1'),
(850, 149, '2019-01-15 04:16:07', '1'),
(851, 149, '2019-01-15 04:17:41', '1'),
(852, 149, '2019-01-15 04:18:01', '1'),
(853, 149, '2019-01-15 04:18:19', '1'),
(854, 149, '2019-01-15 04:18:30', '1'),
(855, 149, '2019-01-15 04:19:38', '1'),
(856, 149, '2019-01-15 04:20:08', '1'),
(857, 149, '2019-01-15 04:20:32', '1'),
(858, 149, '2019-01-15 04:20:49', '1'),
(859, 149, '2019-01-15 04:21:28', '1'),
(860, 149, '2019-01-15 04:21:37', '1'),
(861, 149, '2019-01-15 04:21:48', '1'),
(862, 149, '2019-01-15 04:22:08', '1'),
(863, 149, '2019-01-15 04:22:19', '1'),
(864, 149, '2019-01-15 04:23:08', '1'),
(865, 149, '2019-01-15 04:23:24', '1'),
(866, 149, '2019-01-15 04:23:49', '1'),
(867, 149, '2019-01-15 04:24:12', '1'),
(868, 149, '2019-01-15 04:27:08', '1'),
(869, 149, '2019-01-15 05:26:47', '1'),
(870, 149, '2019-01-15 05:26:48', '1'),
(871, 149, '2019-01-15 05:27:06', '1'),
(872, 149, '2019-01-15 05:27:35', '1'),
(873, 149, '2019-01-15 06:24:21', '1'),
(874, 149, '2019-01-15 06:24:37', '1'),
(875, 149, '2019-01-15 06:24:55', '1'),
(876, 149, '2019-01-15 06:25:13', '1'),
(877, 149, '2019-01-15 06:25:24', '1'),
(878, 149, '2019-01-15 06:25:51', '1'),
(879, 149, '2019-01-15 06:26:12', '1'),
(880, 149, '2019-01-15 06:27:26', '1'),
(881, 149, '2019-01-15 06:28:48', '1'),
(882, 149, '2019-01-15 06:30:36', '1'),
(883, 149, '2019-01-15 06:31:51', '1'),
(884, 149, '2019-01-15 06:35:01', '1'),
(885, 149, '2019-01-15 06:35:33', '1'),
(886, 149, '2019-01-15 06:35:54', '1'),
(887, 149, '2019-01-15 06:41:24', '1'),
(888, 149, '2019-01-15 06:42:38', '1'),
(889, 149, '2019-01-15 06:43:41', '1'),
(890, 149, '2019-01-15 06:46:12', '1'),
(891, 149, '2019-01-15 06:54:45', '1'),
(892, 149, '2019-01-15 06:55:16', '1'),
(893, 149, '2019-01-15 06:56:25', '1'),
(894, 149, '2019-01-15 07:21:49', '1'),
(895, 149, '2019-01-15 07:22:30', '1'),
(896, 149, '2019-01-15 07:22:59', '1'),
(897, 149, '2019-01-15 07:23:50', '1'),
(898, 149, '2019-01-15 07:24:02', '1'),
(899, 149, '2019-01-15 07:25:28', '1'),
(900, 149, '2019-01-15 07:25:52', '1'),
(901, 149, '2019-01-15 07:27:41', '1'),
(902, 149, '2019-01-15 07:28:07', '1'),
(903, 149, '2019-01-15 07:29:30', '1'),
(904, 149, '2019-01-15 07:30:09', '1'),
(905, 149, '2019-01-15 07:31:10', '1'),
(906, 149, '2019-01-15 07:31:10', '1'),
(907, 149, '2019-01-15 07:31:10', '1'),
(908, 149, '2019-01-15 07:32:08', '1'),
(909, 149, '2019-01-15 07:33:05', '1'),
(910, 149, '2019-01-15 07:33:50', '1'),
(911, 149, '2019-01-15 07:34:25', '1'),
(912, 149, '2019-01-15 07:34:48', '1'),
(913, 149, '2019-01-15 07:34:58', '1'),
(914, 149, '2019-01-15 07:35:31', '1'),
(915, 149, '2019-01-15 07:35:50', '1'),
(916, 149, '2019-01-15 07:36:54', '1'),
(917, 149, '2019-01-15 07:37:17', '1'),
(918, 149, '2019-01-15 07:37:33', '1'),
(919, 149, '2019-01-15 07:40:01', '1'),
(920, 149, '2019-01-15 07:40:53', '1'),
(921, 149, '2019-01-15 07:42:36', '1'),
(922, 149, '2019-01-15 22:37:18', '1'),
(923, 149, '2019-01-15 23:19:15', '1'),
(924, 149, '2019-01-15 23:19:38', '1'),
(925, 149, '2019-01-15 23:38:42', '1'),
(926, 149, '2019-01-15 23:41:02', '1'),
(927, 149, '2019-01-15 23:41:27', '1'),
(928, 149, '2019-01-15 23:41:45', '1'),
(929, 149, '2019-01-16 01:10:47', '1'),
(930, 149, '2019-01-16 03:21:11', '1'),
(931, 149, '2019-01-16 03:35:24', '1'),
(932, 149, '2019-01-16 04:03:15', '1'),
(933, 149, '2019-01-16 04:03:17', '1'),
(934, 149, '2019-01-16 04:09:03', '1'),
(935, 149, '2019-01-16 07:07:16', '1'),
(936, 149, '2019-01-16 07:09:49', '1'),
(937, 149, '2019-01-16 07:10:30', '1'),
(938, 149, '2019-01-16 07:10:38', '1'),
(939, 149, '2019-01-16 07:10:46', '1'),
(940, 149, '2019-01-16 07:11:02', '1'),
(941, 149, '2019-01-16 07:11:31', '1'),
(942, 149, '2019-01-16 07:12:37', '1'),
(943, 149, '2019-01-16 23:53:25', '1'),
(944, 149, '2019-01-16 23:53:46', '1'),
(945, 149, '2019-01-17 05:07:12', '1'),
(946, 149, '2019-01-17 05:08:19', '1'),
(947, 149, '2019-01-17 05:09:01', '1'),
(948, 149, '2019-01-17 05:10:02', '1'),
(949, 149, '2019-01-17 05:10:02', '1'),
(950, 149, '2019-01-17 05:10:02', '1'),
(951, 149, '2019-01-17 05:10:03', '1'),
(952, 149, '2019-01-17 05:11:52', '1'),
(953, 149, '2019-01-17 05:13:01', '1'),
(954, 149, '2019-01-17 05:14:25', '1'),
(955, 149, '2019-01-17 05:15:36', '1'),
(956, 149, '2019-01-17 05:16:53', '1'),
(957, 149, '2019-01-17 05:17:34', '1'),
(958, 149, '2019-01-17 05:19:01', '1'),
(959, 149, '2019-01-17 05:19:35', '1'),
(960, 149, '2019-01-17 05:23:39', '1'),
(961, 149, '2019-01-17 05:23:50', '1'),
(962, 149, '2019-01-17 05:24:44', '1'),
(963, 149, '2019-01-17 05:25:38', '1'),
(964, 149, '2019-01-17 05:26:37', '1'),
(965, 149, '2019-01-17 05:40:23', '1'),
(966, 149, '2019-01-17 05:45:45', '1'),
(967, 149, '2019-01-17 05:46:36', '1'),
(968, 149, '2019-01-17 05:46:47', '1'),
(969, 149, '2019-01-17 05:53:33', '1'),
(970, 149, '2019-01-17 06:00:44', '1'),
(971, 149, '2019-01-17 06:22:19', '1'),
(972, 149, '2019-01-17 06:30:24', '1'),
(973, 149, '2019-01-17 06:42:33', '1'),
(974, 149, '2019-01-17 06:42:51', '1'),
(975, 149, '2019-01-17 06:43:17', '1'),
(976, 149, '2019-01-17 06:44:22', '1'),
(977, 149, '2019-01-17 06:44:32', '1'),
(978, 149, '2019-01-17 06:45:01', '1'),
(979, 149, '2019-01-17 06:45:19', '1'),
(980, 149, '2019-01-17 06:46:20', '1'),
(981, 149, '2019-01-17 22:50:43', '1'),
(982, 149, '2019-01-17 23:18:04', '1'),
(983, 149, '2019-01-17 23:18:11', '1'),
(984, 149, '2019-01-17 23:20:13', '1'),
(985, 149, '2019-01-17 23:23:58', '1'),
(986, 149, '2019-01-17 23:26:51', '1'),
(987, 149, '2019-01-17 23:27:24', '1'),
(988, 149, '2019-01-17 23:30:33', '1'),
(989, 149, '2019-01-17 23:51:10', '1'),
(990, 149, '2019-01-17 23:51:24', '1'),
(991, 149, '2019-01-17 23:52:07', '1'),
(992, 149, '2019-01-17 23:52:07', '1'),
(993, 149, '2019-01-18 00:07:41', '1'),
(994, 149, '2019-01-18 00:07:54', '1'),
(995, 149, '2019-01-18 00:08:13', '1'),
(996, 149, '2019-01-18 00:08:31', '1'),
(997, 149, '2019-01-18 00:10:50', '1'),
(998, 149, '2019-01-18 00:11:02', '1'),
(999, 149, '2019-01-18 00:12:11', '1'),
(1000, 149, '2019-01-18 00:12:21', '1'),
(1001, 149, '2019-01-18 00:20:54', '1'),
(1002, 149, '2019-01-18 00:21:24', '1'),
(1003, 149, '2019-01-18 00:21:26', '1'),
(1004, 149, '2019-01-18 03:43:13', '1'),
(1005, 149, '2019-01-18 03:49:08', '1'),
(1006, 149, '2019-01-18 03:49:31', '1'),
(1007, 149, '2019-01-18 03:49:47', '1'),
(1008, 149, '2019-01-18 06:04:59', '1'),
(1009, 149, '2019-01-18 06:16:55', '1'),
(1010, 149, '2019-01-18 06:17:01', '1'),
(1011, 149, '2019-01-18 06:17:18', '1'),
(1012, 149, '2019-01-18 06:18:15', '1'),
(1013, 149, '2019-01-18 06:44:00', '1'),
(1014, 149, '2019-01-18 06:55:11', '2'),
(1015, 149, '2019-01-18 06:56:45', '1'),
(1016, 149, '2019-01-18 22:56:15', '1'),
(1017, 149, '2019-01-19 01:00:29', '1'),
(1018, 149, '2019-01-19 01:06:32', '1'),
(1019, 149, '2019-01-19 01:07:42', '1'),
(1020, 149, '2019-01-19 01:12:32', '1'),
(1021, 149, '2019-01-19 01:18:19', '1'),
(1022, 149, '2019-01-19 01:20:57', '1'),
(1023, 149, '2019-01-19 04:10:00', '1'),
(1024, 149, '2019-01-19 04:11:20', '1'),
(1025, 149, '2019-01-19 04:12:21', '1'),
(1026, 149, '2019-01-19 04:12:21', '1'),
(1027, 149, '2019-01-19 04:12:21', '1'),
(1028, 149, '2019-01-19 04:12:21', '1'),
(1029, 149, '2019-01-19 04:12:24', '1'),
(1030, 149, '2019-01-19 04:24:57', '1'),
(1031, 149, '2019-01-19 04:30:17', '1'),
(1032, 149, '2019-01-19 04:42:31', '1'),
(1033, 149, '2019-01-19 04:42:42', '1'),
(1034, 149, '2019-01-19 04:46:09', '1'),
(1035, 149, '2019-01-19 04:59:51', '1'),
(1036, 149, '2019-01-19 05:24:40', '1'),
(1037, 149, '2019-01-19 05:25:57', '1'),
(1038, 149, '2019-01-19 05:26:57', '1'),
(1039, 149, '2019-01-19 05:32:13', '1'),
(1040, 149, '2019-01-19 05:34:16', '1'),
(1041, 149, '2019-01-19 05:34:50', '1'),
(1042, 149, '2019-01-19 05:35:25', '1'),
(1043, 149, '2019-01-19 05:36:26', '1'),
(1044, 149, '2019-01-19 05:36:27', '1'),
(1045, 149, '2019-01-19 05:36:27', '1'),
(1046, 149, '2019-01-19 05:36:27', '1'),
(1047, 149, '2019-01-19 05:40:35', '1'),
(1048, 149, '2019-01-19 05:44:29', '1'),
(1049, 149, '2019-01-20 23:42:14', '1'),
(1050, 149, '2019-01-21 00:00:36', '1'),
(1051, 149, '2019-01-21 01:23:06', '1'),
(1052, 149, '2019-01-21 02:23:41', '1'),
(1053, 149, '2019-01-21 03:20:54', '1'),
(1054, 149, '2019-01-21 03:48:34', '1'),
(1055, 149, '2019-01-21 03:49:41', '1'),
(1056, 149, '2019-01-21 03:55:56', '1'),
(1057, 149, '2019-01-21 05:12:15', '1'),
(1058, 149, '2019-01-21 05:12:50', '1'),
(1059, 149, '2019-01-21 05:13:51', '1'),
(1060, 149, '2019-01-21 05:13:52', '1'),
(1061, 149, '2019-01-21 05:14:16', '1'),
(1062, 149, '2019-01-21 05:14:45', '1'),
(1063, 149, '2019-01-21 05:15:45', '1'),
(1064, 149, '2019-01-21 05:15:48', '1'),
(1065, 149, '2019-01-21 05:17:13', '1'),
(1066, 149, '2019-01-21 05:17:54', '1'),
(1067, 149, '2019-01-21 05:18:55', '1'),
(1068, 149, '2019-01-21 05:19:01', '1'),
(1069, 149, '2019-01-21 05:19:05', '1'),
(1070, 149, '2019-01-21 05:20:51', '1'),
(1071, 149, '2019-01-21 05:21:52', '1'),
(1072, 149, '2019-01-21 05:22:28', '1'),
(1073, 149, '2019-01-21 05:38:34', '1'),
(1074, 149, '2019-01-21 05:39:35', '1'),
(1075, 149, '2019-01-21 05:39:35', '1'),
(1076, 149, '2019-01-21 05:43:59', '1'),
(1077, 149, '2019-01-21 05:43:59', '1'),
(1078, 149, '2019-01-21 05:44:34', '1'),
(1079, 149, '2019-01-21 05:46:22', '1'),
(1080, 149, '2019-01-21 05:46:32', '1'),
(1081, 149, '2019-01-21 05:47:32', '1'),
(1082, 149, '2019-01-21 05:47:32', '1'),
(1083, 149, '2019-01-21 05:47:32', '1'),
(1084, 149, '2019-01-21 05:47:32', '1'),
(1085, 149, '2019-01-21 05:47:32', '1'),
(1086, 149, '2019-01-21 05:47:32', '1'),
(1087, 149, '2019-01-21 05:47:48', '1'),
(1088, 149, '2019-01-21 05:48:48', '1'),
(1089, 149, '2019-01-21 05:48:48', '1'),
(1090, 149, '2019-01-21 05:48:55', '1'),
(1091, 149, '2019-01-21 05:49:55', '1'),
(1092, 149, '2019-01-21 05:49:55', '1'),
(1093, 149, '2019-01-21 05:49:59', '1'),
(1094, 149, '2019-01-21 05:51:12', '1'),
(1095, 149, '2019-01-21 05:52:13', '1'),
(1096, 149, '2019-01-21 05:52:13', '1'),
(1097, 149, '2019-01-21 05:52:13', '1'),
(1098, 149, '2019-01-21 05:52:13', '1'),
(1099, 149, '2019-01-21 05:52:13', '1'),
(1100, 149, '2019-01-21 05:52:17', '1'),
(1101, 149, '2019-01-21 05:55:32', '1'),
(1102, 149, '2019-01-21 05:56:06', '1'),
(1103, 149, '2019-01-21 06:01:16', '1'),
(1104, 149, '2019-01-21 06:02:17', '1'),
(1105, 149, '2019-01-21 06:05:17', '1'),
(1106, 149, '2019-01-21 06:05:21', '1'),
(1107, 149, '2019-01-21 06:06:21', '1'),
(1108, 149, '2019-01-21 06:06:21', '1'),
(1109, 149, '2019-01-21 06:06:21', '1'),
(1110, 149, '2019-01-21 06:06:21', '1'),
(1111, 149, '2019-01-21 06:06:21', '1'),
(1112, 149, '2019-01-21 06:06:21', '1'),
(1113, 149, '2019-01-21 07:10:53', '1'),
(1114, 149, '2019-01-21 07:12:02', '1'),
(1115, 15, '2019-01-21 22:48:16', '1'),
(1116, 15, '2019-01-22 01:32:17', '1'),
(1117, 15, '2019-01-22 03:19:31', '1'),
(1118, 15, '2019-01-22 03:19:40', '1'),
(1119, 15, '2019-01-22 03:20:03', '1'),
(1120, 15, '2019-01-22 03:23:36', '1'),
(1121, 15, '2019-01-22 03:23:45', '1'),
(1122, 15, '2019-01-22 06:25:52', '1'),
(1123, 15, '2019-01-22 06:25:53', '1'),
(1124, 15, '2019-01-22 06:26:37', '1'),
(1125, 149, '2019-01-22 23:27:04', '1'),
(1126, 149, '2019-01-23 03:28:31', '1'),
(1127, 149, '2019-01-23 03:30:06', '1'),
(1128, 149, '2019-01-23 23:47:43', '1'),
(1129, 149, '2019-01-23 23:51:26', '1'),
(1130, 149, '2019-01-23 23:51:31', '1'),
(1131, 149, '2019-01-23 23:55:43', '1'),
(1132, 149, '2019-01-24 00:10:34', '1'),
(1133, 149, '2019-01-24 00:11:35', '1'),
(1134, 149, '2019-01-24 00:13:39', '1'),
(1135, 149, '2019-01-24 00:14:19', '1'),
(1136, 149, '2019-01-24 00:14:32', '1'),
(1137, 149, '2019-01-24 00:24:24', '1'),
(1138, 149, '2019-01-24 00:25:25', '1'),
(1139, 149, '2019-01-24 00:25:29', '1'),
(1140, 149, '2019-01-24 00:25:50', '1'),
(1141, 149, '2019-01-24 00:28:56', '1'),
(1142, 149, '2019-01-24 00:31:02', '1'),
(1143, 149, '2019-01-24 00:35:04', '1'),
(1144, 149, '2019-01-24 00:36:05', '1'),
(1145, 149, '2019-01-24 00:36:05', '1'),
(1146, 149, '2019-01-24 00:36:05', '1'),
(1147, 149, '2019-01-24 00:36:05', '1'),
(1148, 149, '2019-01-24 00:36:05', '1'),
(1149, 149, '2019-01-24 00:36:05', '1'),
(1150, 149, '2019-01-24 00:36:05', '1'),
(1151, 149, '2019-01-24 00:36:05', '1'),
(1152, 149, '2019-01-24 00:36:05', '1'),
(1153, 149, '2019-01-24 00:36:11', '1'),
(1154, 149, '2019-01-24 00:36:34', '1'),
(1155, 149, '2019-01-24 00:38:19', '1'),
(1156, 149, '2019-01-24 00:49:15', '1'),
(1157, 149, '2019-01-24 00:49:38', '1'),
(1158, 149, '2019-01-24 00:50:39', '1'),
(1159, 149, '2019-01-24 00:50:39', '1'),
(1160, 149, '2019-01-24 00:50:39', '1'),
(1161, 149, '2019-01-24 00:50:39', '1'),
(1162, 149, '2019-01-24 00:50:39', '1'),
(1163, 149, '2019-01-24 00:50:39', '1'),
(1164, 149, '2019-01-24 00:50:39', '1'),
(1165, 149, '2019-01-24 00:50:39', '1'),
(1166, 149, '2019-01-24 00:50:40', '1'),
(1167, 149, '2019-01-24 00:50:40', '1'),
(1168, 149, '2019-01-24 00:51:00', '1'),
(1169, 149, '2019-01-24 00:51:14', '1'),
(1170, 149, '2019-01-24 00:52:15', '1'),
(1171, 149, '2019-01-24 00:52:38', '1'),
(1172, 149, '2019-01-24 00:52:41', '1'),
(1173, 149, '2019-01-24 00:53:41', '1'),
(1174, 149, '2019-01-24 00:53:42', '1'),
(1175, 149, '2019-01-24 00:55:41', '1'),
(1176, 149, '2019-01-24 00:56:44', '1'),
(1177, 149, '2019-01-24 00:58:19', '1'),
(1178, 149, '2019-01-24 01:59:05', '1'),
(1179, 149, '2019-01-24 01:59:06', '1'),
(1180, 149, '2019-01-24 01:59:12', '1'),
(1181, 149, '2019-01-24 02:00:12', '1'),
(1182, 149, '2019-01-24 02:00:12', '1'),
(1183, 149, '2019-01-24 02:00:13', '1'),
(1184, 149, '2019-01-24 02:00:19', '1'),
(1185, 149, '2019-01-24 02:01:20', '1'),
(1186, 149, '2019-01-24 02:01:20', '1'),
(1187, 149, '2019-01-24 02:03:03', '1'),
(1188, 149, '2019-01-24 02:04:03', '1'),
(1189, 149, '2019-01-24 02:06:40', '1'),
(1190, 149, '2019-01-24 02:07:02', '1'),
(1191, 149, '2019-01-24 02:08:03', '1'),
(1192, 149, '2019-01-24 02:09:03', '1'),
(1193, 149, '2019-01-24 02:09:11', '1'),
(1194, 149, '2019-01-24 02:09:47', '1'),
(1195, 149, '2019-01-24 02:11:19', '1'),
(1196, 149, '2019-01-24 02:11:23', '1'),
(1197, 149, '2019-01-24 02:12:23', '1'),
(1198, 149, '2019-01-24 02:12:23', '1'),
(1199, 149, '2019-01-24 02:12:24', '1'),
(1200, 149, '2019-01-24 02:12:28', '1'),
(1201, 149, '2019-01-24 02:13:28', '1'),
(1202, 149, '2019-01-24 02:13:28', '1'),
(1203, 149, '2019-01-24 02:13:32', '1'),
(1204, 149, '2019-01-24 02:14:32', '1'),
(1205, 149, '2019-01-24 02:15:33', '1'),
(1206, 149, '2019-01-24 02:17:21', '1'),
(1207, 149, '2019-01-24 02:17:25', '1'),
(1208, 149, '2019-01-24 02:18:26', '1'),
(1209, 149, '2019-01-24 02:18:26', '1'),
(1210, 149, '2019-01-24 02:20:22', '1'),
(1211, 149, '2019-01-24 02:21:22', '1'),
(1212, 149, '2019-01-24 02:21:28', '1'),
(1213, 149, '2019-01-24 02:21:57', '1'),
(1214, 149, '2019-01-24 02:22:57', '1'),
(1215, 149, '2019-01-24 02:23:58', '1'),
(1216, 149, '2019-01-24 02:23:58', '1'),
(1217, 149, '2019-01-24 02:25:19', '1'),
(1218, 149, '2019-01-24 02:26:20', '1'),
(1219, 149, '2019-01-24 02:27:55', '1'),
(1220, 149, '2019-01-24 02:28:56', '1'),
(1221, 149, '2019-01-24 02:29:56', '1'),
(1222, 149, '2019-01-24 02:29:57', '1'),
(1223, 149, '2019-01-24 03:02:55', '1'),
(1224, 149, '2019-01-24 03:05:07', '1'),
(1225, 149, '2019-01-24 03:06:07', '1'),
(1226, 149, '2019-01-24 03:07:16', '1'),
(1227, 149, '2019-01-24 03:08:17', '1'),
(1228, 149, '2019-01-24 03:09:18', '1'),
(1229, 149, '2019-01-24 03:10:19', '1'),
(1230, 149, '2019-01-24 03:11:38', '1'),
(1231, 149, '2019-01-24 03:11:57', '1'),
(1232, 149, '2019-01-24 03:13:17', '1'),
(1233, 149, '2019-01-24 03:14:18', '1'),
(1234, 149, '2019-01-24 03:14:18', '1'),
(1235, 149, '2019-01-24 03:16:16', '1'),
(1236, 149, '2019-01-24 03:17:17', '1'),
(1237, 149, '2019-01-24 03:18:18', '1'),
(1238, 149, '2019-01-24 03:18:18', '1'),
(1239, 149, '2019-01-24 03:19:19', '1'),
(1240, 149, '2019-01-24 03:24:13', '1'),
(1241, 149, '2019-01-24 03:33:15', '1'),
(1242, 149, '2019-01-24 03:40:35', '1'),
(1243, 149, '2019-01-24 03:40:35', '1'),
(1244, 149, '2019-01-24 03:41:39', '1'),
(1245, 149, '2019-01-24 03:48:09', '1'),
(1246, 149, '2019-01-24 03:49:10', '1'),
(1247, 149, '2019-01-24 03:50:11', '1'),
(1248, 149, '2019-01-24 03:50:11', '1'),
(1249, 149, '2019-01-24 03:51:12', '1'),
(1250, 149, '2019-01-24 03:51:13', '1'),
(1251, 149, '2019-01-24 03:51:13', '1'),
(1252, 149, '2019-01-24 03:51:13', '1'),
(1253, 149, '2019-01-24 03:51:13', '1'),
(1254, 149, '2019-01-24 03:51:13', '1'),
(1255, 149, '2019-01-24 03:51:13', '1'),
(1256, 149, '2019-01-24 03:51:13', '1'),
(1257, 149, '2019-01-24 03:51:13', '1'),
(1258, 149, '2019-01-24 03:51:13', '1'),
(1259, 149, '2019-01-24 03:51:13', '1'),
(1260, 149, '2019-01-24 03:51:13', '1'),
(1261, 149, '2019-01-24 03:51:13', '1'),
(1262, 149, '2019-01-24 03:51:13', '1'),
(1263, 149, '2019-01-24 03:51:13', '1'),
(1264, 149, '2019-01-24 03:51:13', '1'),
(1265, 149, '2019-01-24 03:51:37', '1'),
(1266, 149, '2019-01-24 03:52:37', '1'),
(1267, 149, '2019-01-24 03:52:37', '1'),
(1268, 149, '2019-01-24 03:52:37', '1'),
(1269, 149, '2019-01-24 03:52:38', '1'),
(1270, 149, '2019-01-24 03:52:38', '1'),
(1271, 149, '2019-01-24 03:52:38', '1'),
(1272, 149, '2019-01-24 03:52:38', '1'),
(1273, 149, '2019-01-24 03:52:38', '1'),
(1274, 149, '2019-01-24 03:52:38', '1'),
(1275, 149, '2019-01-24 03:53:39', '1'),
(1276, 149, '2019-01-24 03:54:49', '1'),
(1277, 149, '2019-01-24 03:54:49', '1'),
(1278, 149, '2019-01-24 03:55:50', '1'),
(1279, 149, '2019-01-24 03:56:52', '1'),
(1280, 149, '2019-01-24 03:58:31', '1'),
(1281, 149, '2019-01-24 04:00:04', '1'),
(1282, 149, '2019-01-24 04:01:05', '1'),
(1283, 149, '2019-01-24 04:01:35', '1'),
(1284, 149, '2019-01-24 04:08:45', '1'),
(1285, 149, '2019-01-24 04:12:21', '1'),
(1286, 149, '2019-01-24 04:19:23', '1'),
(1287, 149, '2019-01-24 04:20:24', '1'),
(1288, 149, '2019-01-24 04:20:24', '1'),
(1289, 149, '2019-01-24 04:20:24', '1'),
(1290, 149, '2019-01-24 04:20:24', '1'),
(1291, 149, '2019-01-24 04:20:24', '1'),
(1292, 149, '2019-01-24 04:20:24', '1'),
(1293, 149, '2019-01-24 04:20:24', '1'),
(1294, 149, '2019-01-24 04:20:24', '1'),
(1295, 149, '2019-01-24 04:20:24', '1'),
(1296, 149, '2019-01-24 04:20:24', '1'),
(1297, 149, '2019-01-24 04:20:24', '1'),
(1298, 149, '2019-01-24 04:20:24', '1'),
(1299, 149, '2019-01-24 04:21:38', '1'),
(1300, 149, '2019-01-24 04:22:50', '1'),
(1301, 149, '2019-01-24 04:24:29', '1'),
(1302, 149, '2019-01-24 04:25:29', '1'),
(1303, 149, '2019-01-24 04:25:29', '1'),
(1304, 149, '2019-01-24 04:25:29', '1'),
(1305, 149, '2019-01-24 04:25:29', '1'),
(1306, 149, '2019-01-24 04:25:30', '1'),
(1307, 149, '2019-01-24 04:25:30', '1'),
(1308, 149, '2019-01-24 04:25:30', '1'),
(1309, 149, '2019-01-24 04:25:30', '1'),
(1310, 149, '2019-01-24 04:26:31', '1'),
(1311, 149, '2019-01-24 04:27:43', '1'),
(1312, 149, '2019-01-24 04:28:44', '1'),
(1313, 149, '2019-01-24 04:31:02', '1'),
(1314, 149, '2019-01-24 04:36:36', '1'),
(1315, 149, '2019-01-24 04:37:37', '1'),
(1316, 149, '2019-01-24 04:38:38', '1'),
(1317, 149, '2019-01-24 04:39:44', '1'),
(1318, 149, '2019-01-24 04:41:04', '1'),
(1319, 149, '2019-01-24 04:42:06', '1'),
(1320, 149, '2019-01-24 04:43:43', '1'),
(1321, 149, '2019-01-24 04:44:45', '1'),
(1322, 149, '2019-01-24 04:45:55', '1'),
(1323, 149, '2019-01-24 04:45:56', '1'),
(1324, 149, '2019-01-24 04:47:14', '1'),
(1325, 149, '2019-01-24 04:48:15', '1'),
(1326, 149, '2019-01-24 04:49:15', '1'),
(1327, 149, '2019-01-24 04:49:16', '1');
INSERT INTO `logdetails` (`id`, `clientID`, `timestamp`, `action`) VALUES
(1328, 149, '2019-01-24 04:49:16', '1'),
(1329, 149, '2019-01-24 04:49:16', '1'),
(1330, 149, '2019-01-24 04:49:16', '1'),
(1331, 149, '2019-01-24 04:49:16', '1'),
(1332, 149, '2019-01-24 04:49:16', '1'),
(1333, 149, '2019-01-24 04:49:19', '1'),
(1334, 149, '2019-01-24 04:50:20', '1'),
(1335, 149, '2019-01-24 04:51:21', '1'),
(1336, 149, '2019-01-24 04:52:12', '1'),
(1337, 149, '2019-01-24 04:53:36', '1'),
(1338, 149, '2019-01-24 04:54:37', '1'),
(1339, 149, '2019-01-24 04:58:28', '1'),
(1340, 149, '2019-01-24 04:58:28', '1'),
(1341, 149, '2019-01-24 04:59:29', '1'),
(1342, 149, '2019-01-24 05:00:30', '1'),
(1343, 149, '2019-01-24 05:01:30', '1'),
(1344, 149, '2019-01-24 05:02:31', '1'),
(1345, 149, '2019-01-24 05:06:01', '1'),
(1346, 149, '2019-01-24 05:08:15', '1'),
(1347, 149, '2019-01-24 05:09:24', '1'),
(1348, 149, '2019-01-24 05:09:24', '1'),
(1349, 149, '2019-01-24 05:09:24', '1'),
(1350, 149, '2019-01-24 05:21:38', '1'),
(1351, 149, '2019-01-24 05:22:39', '1'),
(1352, 149, '2019-01-24 05:22:39', '1'),
(1353, 149, '2019-01-24 05:23:40', '1'),
(1354, 149, '2019-01-24 05:23:40', '1'),
(1355, 149, '2019-01-24 05:23:40', '1'),
(1356, 149, '2019-01-24 05:23:40', '1'),
(1357, 149, '2019-01-24 05:23:40', '1'),
(1358, 149, '2019-01-24 05:31:16', '1'),
(1359, 149, '2019-01-24 05:32:16', '1'),
(1360, 149, '2019-01-24 05:32:21', '1'),
(1361, 149, '2019-01-24 05:33:41', '1'),
(1362, 149, '2019-01-24 05:34:41', '1'),
(1363, 149, '2019-01-24 05:44:03', '1'),
(1364, 149, '2019-01-24 06:10:14', '1'),
(1365, 149, '2019-01-24 06:12:13', '1'),
(1366, 149, '2019-01-24 06:12:13', '1'),
(1367, 149, '2019-01-24 06:13:14', '1'),
(1368, 149, '2019-01-24 06:14:14', '1'),
(1369, 149, '2019-01-24 06:15:15', '1'),
(1370, 149, '2019-01-24 06:18:13', '1'),
(1371, 149, '2019-01-24 06:19:13', '1'),
(1372, 149, '2019-01-24 06:20:14', '1'),
(1373, 149, '2019-01-24 06:21:14', '1'),
(1374, 149, '2019-01-24 06:22:15', '1'),
(1375, 149, '2019-01-24 06:22:15', '1'),
(1376, 149, '2019-01-24 06:22:15', '1'),
(1377, 149, '2019-01-24 06:23:16', '1'),
(1378, 149, '2019-01-24 06:24:16', '1'),
(1379, 149, '2019-01-24 06:24:17', '1'),
(1380, 149, '2019-01-24 06:25:17', '1'),
(1381, 149, '2019-01-24 06:25:17', '1'),
(1382, 149, '2019-01-24 06:25:17', '1'),
(1383, 149, '2019-01-24 06:25:25', '1'),
(1384, 149, '2019-01-24 06:27:10', '1'),
(1385, 149, '2019-01-24 06:28:11', '1'),
(1386, 149, '2019-01-24 06:28:11', '1'),
(1387, 149, '2019-01-24 06:29:27', '1'),
(1388, 149, '2019-01-24 06:30:29', '1'),
(1389, 149, '2019-01-24 06:31:30', '1'),
(1390, 149, '2019-01-24 06:35:24', '1'),
(1391, 149, '2019-01-24 06:36:25', '1'),
(1392, 149, '2019-01-24 06:36:25', '1'),
(1393, 149, '2019-01-24 06:37:37', '1'),
(1394, 149, '2019-01-24 06:39:30', '1'),
(1395, 149, '2019-01-24 06:40:31', '1'),
(1396, 149, '2019-01-24 06:53:02', '1'),
(1397, 149, '2019-01-24 06:54:29', '1'),
(1398, 149, '2019-01-24 06:55:31', '1'),
(1399, 149, '2019-01-24 06:56:32', '1'),
(1400, 149, '2019-01-24 06:57:33', '1'),
(1401, 149, '2019-01-24 06:58:34', '1'),
(1402, 149, '2019-01-24 06:59:35', '1'),
(1403, 149, '2019-01-24 07:00:37', '1'),
(1404, 149, '2019-01-24 07:01:38', '1'),
(1405, 149, '2019-01-24 07:02:39', '1'),
(1406, 149, '2019-01-24 07:03:41', '1'),
(1407, 149, '2019-01-24 07:03:41', '1'),
(1408, 149, '2019-01-24 07:05:05', '1'),
(1409, 149, '2019-01-24 07:09:12', '1'),
(1410, 149, '2019-01-24 07:10:13', '1'),
(1411, 149, '2019-01-24 07:11:43', '1'),
(1412, 149, '2019-01-24 07:12:45', '1'),
(1413, 149, '2019-01-24 07:13:46', '1'),
(1414, 149, '2019-01-24 07:14:47', '1'),
(1415, 149, '2019-01-24 07:15:48', '1'),
(1416, 149, '2019-01-24 07:15:48', '1'),
(1417, 149, '2019-01-24 07:15:48', '1'),
(1418, 149, '2019-01-24 07:15:49', '1'),
(1419, 149, '2019-01-24 07:16:50', '1'),
(1420, 149, '2019-01-24 07:17:52', '1'),
(1421, 149, '2019-01-24 07:17:52', '1'),
(1422, 149, '2019-01-24 07:18:53', '1'),
(1423, 149, '2019-01-24 07:20:15', '1'),
(1424, 149, '2019-01-24 07:21:16', '1'),
(1425, 149, '2019-01-24 07:22:17', '1'),
(1426, 149, '2019-01-24 07:22:17', '1'),
(1427, 149, '2019-01-24 07:22:17', '1'),
(1428, 149, '2019-01-24 07:22:17', '1'),
(1429, 149, '2019-01-24 07:22:18', '1'),
(1430, 149, '2019-01-24 07:22:18', '1'),
(1431, 149, '2019-01-24 07:22:18', '1'),
(1432, 149, '2019-01-24 07:23:19', '1'),
(1433, 149, '2019-01-24 07:24:20', '1'),
(1434, 149, '2019-01-24 07:24:20', '1'),
(1435, 149, '2019-01-24 07:24:20', '1'),
(1436, 149, '2019-01-24 07:24:20', '1'),
(1437, 149, '2019-01-24 07:24:20', '1'),
(1438, 149, '2019-01-24 07:25:21', '1'),
(1439, 149, '2019-01-24 07:25:21', '1'),
(1440, 149, '2019-01-24 07:25:21', '1'),
(1441, 149, '2019-01-24 07:26:23', '1'),
(1442, 149, '2019-01-24 07:26:23', '1'),
(1443, 149, '2019-01-24 07:27:24', '1'),
(1444, 149, '2019-01-24 07:27:24', '1'),
(1445, 149, '2019-01-24 07:27:24', '1'),
(1446, 149, '2019-01-24 07:27:24', '1'),
(1447, 149, '2019-01-24 07:27:24', '1'),
(1448, 149, '2019-01-24 07:27:24', '1'),
(1449, 149, '2019-01-24 07:27:24', '1'),
(1450, 149, '2019-01-24 07:27:24', '1'),
(1451, 149, '2019-01-24 07:27:24', '1'),
(1452, 149, '2019-01-24 07:27:25', '1'),
(1453, 149, '2019-01-24 07:27:25', '1'),
(1454, 149, '2019-01-24 07:27:25', '1'),
(1455, 149, '2019-01-24 07:27:25', '1'),
(1456, 149, '2019-01-24 07:27:25', '1'),
(1457, 149, '2019-01-24 07:27:25', '1'),
(1458, 149, '2019-01-24 07:27:25', '1'),
(1459, 149, '2019-01-24 07:27:25', '1'),
(1460, 149, '2019-01-24 07:27:25', '1'),
(1461, 149, '2019-01-24 07:28:26', '1'),
(1462, 149, '2019-01-25 00:03:54', '1'),
(1463, 149, '2019-01-25 00:04:55', '1'),
(1464, 149, '2019-01-25 03:35:09', '1'),
(1465, 149, '2019-01-27 22:58:21', '1'),
(1466, 149, '2019-01-28 04:47:22', '1'),
(1467, 149, '2019-01-28 04:48:23', '1'),
(1468, 149, '2019-01-28 04:48:23', '1'),
(1469, 149, '2019-01-28 04:48:23', '1'),
(1470, 149, '2019-01-28 04:49:24', '1'),
(1471, 149, '2019-01-28 04:50:25', '1'),
(1472, 149, '2019-01-28 04:51:26', '1'),
(1473, 149, '2019-01-28 04:51:27', '1'),
(1474, 149, '2019-01-28 04:51:27', '1'),
(1475, 149, '2019-01-28 04:51:27', '1'),
(1476, 149, '2019-01-28 04:51:27', '1'),
(1477, 149, '2019-01-28 04:51:27', '1'),
(1478, 149, '2019-01-28 04:51:27', '1'),
(1479, 149, '2019-01-28 04:51:27', '1'),
(1480, 149, '2019-01-28 04:51:27', '1'),
(1481, 149, '2019-01-28 04:51:27', '1'),
(1482, 149, '2019-01-28 04:51:27', '1'),
(1483, 149, '2019-01-28 04:51:27', '1'),
(1484, 149, '2019-01-28 04:51:28', '1'),
(1485, 149, '2019-01-28 04:51:28', '1'),
(1486, 149, '2019-01-28 04:51:28', '1'),
(1487, 149, '2019-01-28 04:51:28', '1'),
(1488, 149, '2019-01-28 04:52:29', '1'),
(1489, 149, '2019-01-28 04:53:36', '1'),
(1490, 149, '2019-01-28 04:54:37', '1'),
(1491, 149, '2019-01-28 04:55:37', '1'),
(1492, 149, '2019-01-28 04:56:38', '1'),
(1493, 149, '2019-01-28 04:57:38', '1'),
(1494, 149, '2019-01-28 04:58:39', '1'),
(1495, 149, '2019-01-28 04:58:39', '1'),
(1496, 149, '2019-01-28 04:58:39', '1'),
(1497, 149, '2019-01-28 04:59:40', '1'),
(1498, 149, '2019-01-28 04:59:40', '1'),
(1499, 149, '2019-01-28 05:00:40', '1'),
(1500, 149, '2019-01-28 05:00:41', '1'),
(1501, 149, '2019-01-28 05:01:41', '1'),
(1502, 149, '2019-01-28 05:01:42', '1'),
(1503, 149, '2019-01-28 05:02:42', '1'),
(1504, 149, '2019-01-28 05:02:42', '1'),
(1505, 149, '2019-01-28 05:02:42', '1'),
(1506, 149, '2019-01-28 05:03:43', '1'),
(1507, 149, '2019-01-28 05:04:43', '1'),
(1508, 149, '2019-01-28 05:08:30', '1'),
(1509, 149, '2019-01-28 05:11:21', '1'),
(1510, 149, '2019-01-28 05:12:05', '1'),
(1511, 149, '2019-01-28 05:12:54', '1'),
(1512, 149, '2019-01-28 05:13:09', '1'),
(1513, 149, '2019-01-28 05:13:40', '1'),
(1514, 149, '2019-01-28 05:14:12', '1'),
(1515, 149, '2019-01-28 05:21:46', '1'),
(1516, 149, '2019-01-28 05:22:47', '1'),
(1517, 149, '2019-01-28 05:24:02', '1'),
(1518, 149, '2019-01-28 05:28:55', '1'),
(1519, 149, '2019-01-28 05:49:30', '1'),
(1520, 149, '2019-01-28 05:50:28', '1'),
(1521, 149, '2019-01-28 06:17:53', '1'),
(1522, 149, '2019-01-28 06:17:57', '1'),
(1523, 149, '2019-01-28 06:17:59', '1'),
(1524, 149, '2019-01-28 06:20:42', '1'),
(1525, 149, '2019-01-28 06:22:10', '1'),
(1526, 149, '2019-01-28 06:22:14', '1'),
(1527, 149, '2019-01-28 06:22:16', '1'),
(1528, 149, '2019-01-28 06:23:09', '1'),
(1529, 149, '2019-01-28 06:23:57', '1'),
(1530, 149, '2019-01-28 06:24:54', '1'),
(1531, 149, '2019-01-28 06:25:49', '1'),
(1532, 149, '2019-01-28 06:25:52', '1'),
(1533, 149, '2019-01-28 06:25:57', '1'),
(1534, 149, '2019-01-28 06:25:59', '1'),
(1535, 149, '2019-01-28 06:26:54', '1'),
(1536, 149, '2019-01-28 06:36:53', '1'),
(1537, 149, '2019-01-28 06:37:35', '1'),
(1538, 149, '2019-01-28 06:38:07', '1'),
(1539, 149, '2019-01-28 06:39:18', '1'),
(1540, 149, '2019-01-28 06:39:52', '1'),
(1541, 149, '2019-01-28 06:40:25', '1'),
(1542, 149, '2019-01-28 06:41:00', '1'),
(1543, 149, '2019-01-28 06:41:56', '1'),
(1544, 149, '2019-01-28 06:46:03', '1'),
(1545, 149, '2019-01-28 06:46:45', '1'),
(1546, 149, '2019-01-28 06:47:04', '1'),
(1547, 149, '2019-01-28 06:47:21', '1'),
(1548, 149, '2019-01-28 06:48:09', '1'),
(1549, 149, '2019-01-28 06:48:18', '1'),
(1550, 149, '2019-01-28 06:51:26', '1'),
(1551, 149, '2019-01-28 06:51:53', '1'),
(1552, 149, '2019-01-28 06:52:56', '1'),
(1553, 149, '2019-01-28 06:53:18', '1'),
(1554, 149, '2019-01-28 06:54:13', '1'),
(1555, 149, '2019-01-28 06:55:13', '1'),
(1556, 149, '2019-01-28 06:56:21', '1'),
(1557, 149, '2019-01-28 06:58:46', '1'),
(1558, 149, '2019-01-28 07:00:44', '1'),
(1559, 149, '2019-01-28 07:01:17', '1'),
(1560, 149, '2019-01-28 07:02:17', '1'),
(1561, 149, '2019-01-28 07:02:59', '1'),
(1562, 149, '2019-01-28 07:03:08', '1'),
(1563, 149, '2019-01-28 07:04:34', '1'),
(1564, 149, '2019-01-28 07:05:18', '1'),
(1565, 149, '2019-01-28 07:05:45', '1'),
(1566, 149, '2019-01-28 07:15:39', '1'),
(1567, 149, '2019-01-28 07:16:15', '1'),
(1568, 149, '2019-01-28 07:16:58', '1'),
(1569, 149, '2019-01-28 07:17:23', '1'),
(1570, 149, '2019-01-28 07:25:43', '1'),
(1571, 149, '2019-01-28 07:28:13', '1'),
(1572, 149, '2019-01-28 07:28:40', '1'),
(1573, 149, '2019-01-28 07:29:16', '1'),
(1574, 149, '2019-01-28 07:30:07', '1'),
(1575, 149, '2019-01-28 07:30:44', '1'),
(1576, 149, '2019-01-28 07:31:29', '1'),
(1577, 149, '2019-01-28 07:32:28', '1'),
(1578, 149, '2019-01-28 07:33:25', '1'),
(1579, 149, '2019-01-28 07:33:56', '1'),
(1580, 149, '2019-01-28 07:34:19', '1'),
(1581, 149, '2019-01-28 07:40:41', '1'),
(1582, 149, '2019-01-28 07:41:42', '1'),
(1583, 149, '2019-01-28 07:41:59', '1'),
(1584, 149, '2019-01-28 07:43:00', '1'),
(1585, 149, '2019-01-28 07:44:00', '1'),
(1586, 149, '2019-01-28 07:47:35', '1'),
(1587, 149, '2019-01-28 07:48:31', '1'),
(1588, 149, '2019-01-28 07:48:52', '1'),
(1589, 149, '2019-01-28 07:50:14', '1'),
(1590, 149, '2019-01-28 07:50:24', '1'),
(1591, 149, '2019-01-28 07:51:13', '1'),
(1592, 149, '2019-01-28 07:52:17', '1'),
(1593, 149, '2019-01-28 07:53:35', '1'),
(1594, 149, '2019-01-28 07:53:43', '1'),
(1595, 149, '2019-01-28 23:33:12', '1'),
(1596, 149, '2019-01-28 23:33:26', '1'),
(1597, 149, '2019-01-28 23:34:23', '1'),
(1598, 149, '2019-01-28 23:35:55', '1'),
(1599, 149, '2019-01-28 23:36:19', '1'),
(1600, 149, '2019-01-28 23:36:24', '1'),
(1601, 149, '2019-01-28 23:36:47', '1'),
(1602, 149, '2019-01-28 23:37:10', '1'),
(1603, 149, '2019-01-28 23:37:38', '1'),
(1604, 149, '2019-01-28 23:38:06', '1'),
(1605, 149, '2019-01-28 23:38:22', '1'),
(1606, 149, '2019-01-28 23:39:21', '1'),
(1607, 149, '2019-01-28 23:40:01', '1'),
(1608, 149, '2019-01-28 23:41:19', '1'),
(1609, 149, '2019-01-28 23:41:25', '1'),
(1610, 149, '2019-01-28 23:42:41', '1'),
(1611, 149, '2019-01-28 23:43:07', '1'),
(1612, 149, '2019-01-28 23:43:22', '1'),
(1613, 149, '2019-01-28 23:44:27', '1'),
(1614, 149, '2019-01-28 23:45:58', '1'),
(1615, 149, '2019-01-28 23:46:11', '1'),
(1616, 149, '2019-01-28 23:46:47', '1'),
(1617, 149, '2019-01-28 23:53:57', '1'),
(1618, 149, '2019-01-28 23:54:29', '1'),
(1619, 149, '2019-01-28 23:54:38', '1'),
(1620, 149, '2019-01-28 23:55:27', '1'),
(1621, 149, '2019-01-28 23:55:38', '1'),
(1622, 149, '2019-01-28 23:55:55', '1'),
(1623, 149, '2019-01-28 23:56:57', '1'),
(1624, 149, '2019-01-28 23:57:34', '1'),
(1625, 149, '2019-01-28 23:58:08', '1'),
(1626, 149, '2019-01-28 23:58:26', '1'),
(1627, 149, '2019-01-28 23:59:22', '1'),
(1628, 149, '2019-01-28 23:59:41', '1'),
(1629, 149, '2019-01-29 00:00:06', '1'),
(1630, 149, '2019-01-29 00:01:54', '1'),
(1631, 149, '2019-01-29 00:09:57', '1'),
(1632, 149, '2019-01-29 00:10:14', '1'),
(1633, 149, '2019-01-29 00:14:02', '1'),
(1634, 149, '2019-01-29 00:14:34', '1'),
(1635, 149, '2019-01-29 00:16:05', '1'),
(1636, 149, '2019-01-29 00:21:12', '1'),
(1637, 149, '2019-01-29 00:21:36', '1'),
(1638, 149, '2019-01-29 00:22:02', '1'),
(1639, 149, '2019-01-29 00:22:29', '1'),
(1640, 149, '2019-01-29 00:23:25', '1'),
(1641, 149, '2019-01-29 00:23:29', '1'),
(1642, 149, '2019-01-29 00:24:20', '1'),
(1643, 149, '2019-01-29 00:25:00', '1'),
(1644, 149, '2019-01-29 00:25:49', '1'),
(1645, 149, '2019-01-29 00:27:05', '1'),
(1646, 149, '2019-01-29 00:28:46', '1'),
(1647, 149, '2019-01-30 00:14:44', '1'),
(1648, 155, '2019-01-31 08:21:27', '1'),
(1649, 155, '2019-01-31 08:21:53', '2'),
(1650, 155, '2019-01-31 08:25:02', '1'),
(1651, 155, '2019-01-31 23:17:06', '1'),
(1652, 155, '2019-01-31 23:21:34', '1'),
(1653, 155, '2019-02-01 00:24:59', '1'),
(1654, 155, '2019-02-01 00:25:16', '1'),
(1655, 155, '2019-02-01 03:54:12', '1'),
(1656, 155, '2019-02-03 22:59:20', '1'),
(1657, 155, '2019-02-04 01:07:31', '1'),
(1658, 155, '2019-02-04 01:07:49', '1'),
(1659, 155, '2019-02-04 04:12:39', '1'),
(1660, 155, '2019-02-04 04:24:14', '1'),
(1661, 155, '2019-02-04 22:27:44', '1'),
(1662, 155, '2019-02-05 04:33:59', '1'),
(1663, 155, '2019-02-05 07:05:53', '1'),
(1664, 155, '2019-02-05 07:58:48', '1'),
(1665, 155, '2019-02-05 08:10:15', '1'),
(1666, 155, '2019-02-05 08:10:20', '1'),
(1667, 155, '2019-02-05 08:10:27', '1'),
(1668, 155, '2019-02-05 08:14:01', '1'),
(1669, 155, '2019-02-05 08:14:22', '1'),
(1670, 155, '2019-02-05 08:39:48', '1'),
(1671, 155, '2019-02-05 23:23:28', '1'),
(1672, 155, '2019-02-06 23:40:09', '1'),
(1673, 155, '2019-02-07 22:46:27', '1'),
(1674, 155, '2019-02-08 04:51:57', '1'),
(1675, 155, '2019-02-08 04:59:38', '1'),
(1676, 155, '2019-02-08 04:59:39', '1'),
(1677, 155, '2019-02-08 06:11:51', '1'),
(1678, 155, '2019-02-08 06:21:01', '1'),
(1679, 155, '2019-02-08 07:33:58', '1'),
(1680, 155, '2019-02-08 22:30:18', '1'),
(1681, 155, '2019-02-08 22:38:06', '1'),
(1682, 155, '2019-02-08 22:42:06', '1'),
(1683, 155, '2019-02-08 22:51:29', '1'),
(1684, 155, '2019-02-08 22:54:30', '1'),
(1685, 155, '2019-02-08 22:57:30', '1'),
(1686, 155, '2019-02-08 22:57:30', '1'),
(1687, 155, '2019-02-08 23:01:30', '1'),
(1688, 155, '2019-02-08 23:05:31', '1'),
(1689, 155, '2019-02-08 23:11:58', '1'),
(1690, 155, '2019-02-08 23:14:12', '1'),
(1691, 155, '2019-02-08 23:15:12', '1'),
(1692, 155, '2019-02-08 23:16:18', '1'),
(1693, 155, '2019-02-08 23:41:10', '1'),
(1694, 155, '2019-02-09 00:36:42', '1'),
(1695, 155, '2019-02-09 01:17:52', '1'),
(1696, 155, '2019-02-09 01:38:42', '1'),
(1697, 155, '2019-02-09 01:42:21', '1'),
(1698, 155, '2019-02-09 01:48:00', '1'),
(1699, 155, '2019-02-09 01:51:01', '1'),
(1700, 155, '2019-02-09 01:51:01', '1'),
(1701, 155, '2019-02-09 01:51:59', '1'),
(1702, 155, '2019-02-09 01:55:59', '1'),
(1703, 155, '2019-02-09 01:55:59', '1'),
(1704, 155, '2019-02-09 02:00:00', '1'),
(1705, 155, '2019-02-09 02:02:00', '1'),
(1706, 155, '2019-02-09 03:28:55', '1'),
(1707, 155, '2019-02-09 03:46:29', '1'),
(1708, 155, '2019-02-09 03:52:01', '1'),
(1709, 155, '2019-02-09 03:55:15', '1'),
(1710, 155, '2019-02-09 03:57:27', '1'),
(1711, 155, '2019-02-09 04:04:46', '1'),
(1712, 155, '2019-02-10 23:19:45', '1'),
(1713, 155, '2019-02-11 01:54:35', '1'),
(1714, 155, '2019-02-11 02:05:46', '1'),
(1715, 155, '2019-02-11 02:09:47', '1'),
(1716, 155, '2019-02-11 02:20:50', '1'),
(1717, 155, '2019-02-11 02:23:51', '1'),
(1718, 155, '2019-02-11 02:26:51', '1'),
(1719, 155, '2019-02-11 02:32:05', '1'),
(1720, 155, '2019-02-11 03:16:34', '1'),
(1721, 155, '2019-02-11 03:27:48', '1'),
(1722, 155, '2019-02-11 03:28:49', '1'),
(1723, 155, '2019-02-11 03:31:46', '1');

-- --------------------------------------------------------

--
-- Table structure for table `logs`
--

CREATE TABLE `logs` (
  `id` int(6) UNSIGNED NOT NULL,
  `logsdata` varchar(100) NOT NULL
) ENGINE=InnoDB DEFAULT CHARSET=latin1;

-- --------------------------------------------------------

--
-- Table structure for table `log_action_details`
--

CREATE TABLE `log_action_details` (
  `id` bigint(18) NOT NULL,
  `action_id` bigint(8) NOT NULL,
  `action_details` varchar(30) NOT NULL
) ENGINE=InnoDB DEFAULT CHARSET=latin1;

--
-- Dumping data for table `log_action_details`
--

INSERT INTO `log_action_details` (`id`, `action_id`, `action_details`) VALUES
(7, 1, 'Login'),
(9, 2, 'Logout');

-- --------------------------------------------------------

--
-- Table structure for table `notification`
--

CREATE TABLE `notification` (
  `id` bigint(30) NOT NULL,
  `clientID` bigint(18) NOT NULL,
  `message` varchar(500) NOT NULL,
  `status` varchar(500) NOT NULL,
  `timstamp` timestamp NOT NULL DEFAULT CURRENT_TIMESTAMP ON UPDATE CURRENT_TIMESTAMP
) ENGINE=InnoDB DEFAULT CHARSET=latin1;

--
-- Dumping data for table `notification`
--

INSERT INTO `notification` (`id`, `clientID`, `message`, `status`, `timstamp`) VALUES
(2, 15, 'To send notifications, set notification with the necessary predefined set of key options for the user-visible part of the notification message', 'read', '2018-11-30 06:14:26'),
(3, 15, 'If you are using batch import to subscribe app instances, each request is limited to 1000 app instances.', 'read', '2018-11-30 06:15:10'),
(5, 15, 'Use notifications when you want GCM to handle displaying a notification on your client apps behalf', 'unread', '2018-11-30 06:16:19'),
(6, 15, 'Sometimes you want to send a message to a combination of topics. This is done by specifying a condition, which is a boolean expression that specifies the target topics.', 'unread', '2018-11-30 06:16:50'),
(7, 15, 'The send() method of the Admin SDK accepts a Message object. The following tables outline all the fields that may be included in a Message.', 'read', '2018-11-30 06:17:28'),
(8, 15, 'The send() method of the Admin SDK accepts a Message object. The following tables outline all the fields that may be included in a Message.', 'read', '2018-11-30 06:17:30'),
(9, 15, 'The Admin SDK performs a wide range of validations locally before handing the message off to FCM service. Any validation failures will result in immediate exceptions describing the exact nature of the problem.', 'unread', '2018-11-30 06:18:27'),
(10, 15, 'Title of the notification. If set, overrides the title field set on the top-level message notification.', 'unread', '2018-11-30 06:19:00'),
(11, 15, 'Set data with your custom key/value pairs to send a data payload to the client app. Data messages can have a maximum 4KB payload', 'read', '2018-11-30 06:19:32');

-- --------------------------------------------------------

--
-- Table structure for table `payments`
--

CREATE TABLE `payments` (
  `amt` float(10,2) NOT NULL,
  `cc` varchar(11) COLLATE utf8_unicode_ci NOT NULL,
  `cm` int(11) NOT NULL,
  `txn_id` varchar(255) COLLATE utf8_unicode_ci NOT NULL,
  `item_name` int(11) NOT NULL,
  `item_number` varchar(5) COLLATE utf8_unicode_ci NOT NULL,
  `st` varchar(255) COLLATE utf8_unicode_ci NOT NULL,
  `tx` varchar(255) COLLATE utf8_unicode_ci NOT NULL,
  `timestamp` timestamp NOT NULL DEFAULT CURRENT_TIMESTAMP ON UPDATE CURRENT_TIMESTAMP
) ENGINE=InnoDB DEFAULT CHARSET=utf8 COLLATE=utf8_unicode_ci;

--
-- Dumping data for table `payments`
--

INSERT INTO `payments` (`amt`, `cc`, `cm`, `txn_id`, `item_name`, `item_number`, `st`, `tx`, `timestamp`) VALUES
(1.00, 'USD', 33, '', 0, '', 'Completed', '0Y050292F8759890F', '2019-01-04 09:31:55'),
(1.00, 'USD', 33, '', 0, '', 'Completed', '23G19380BS5316723', '2019-01-04 09:33:04'),
(1.00, 'USD', 33, '', 0, '', 'Completed', '8WL57456NJ9551711', '2019-01-04 09:35:13'),
(1.00, 'USD', 33, '', 0, '', 'Completed', '0G8487576M613092H', '2019-01-04 09:38:05'),
(1.00, 'USD', 33, '', 0, '', 'Completed', '3KM124233W5849741', '2019-01-04 09:47:20'),
(1.00, 'USD', 33, '', 0, '', 'Completed', '3KM19511MJ273813M', '2019-01-04 09:51:17'),
(1.00, 'USD', 15, '', 0, '', 'Completed', '26B680325P921862C', '2019-01-05 06:17:06'),
(1.00, 'USD', 15, '', 0, '', 'Completed', '26B680325P921862C', '2019-01-05 06:18:52'),
(1.00, 'USD', 15, '', 0, '', 'Completed', '26B680325P921862C', '2019-01-05 06:18:55'),
(1.00, 'USD', 15, '', 0, '', 'Completed', '26B680325P921862C', '2019-01-05 06:18:56'),
(1.00, 'USD', 15, '', 0, '', 'Completed', '26B680325P921862C', '2019-01-05 06:19:31'),
(1.00, 'USD', 15, '', 0, '', 'Completed', '26B680325P921862C', '2019-01-05 06:19:31'),
(1.00, 'USD', 15, '', 0, '', 'Completed', '26B680325P921862C', '2019-01-05 06:19:53'),
(1.00, 'USD', 15, '', 0, '', 'Completed', '82006828Y3145671C', '2019-01-05 06:22:34'),
(1.00, 'USD', 15, '', 0, '1', 'Completed', '65K36527N6328122L', '2019-01-05 06:32:53'),
(1.00, 'USD', 15, '', 0, '', 'Completed', '1DV27110J9699271G', '2019-01-05 06:36:57'),
(1.00, 'USD', 15, '', 0, '', 'Completed', '1DV27110J9699271G', '2019-01-05 06:39:07'),
(1.00, 'USD', 15, '', 0, '1', 'Completed', '9L336713EF911772P', '2019-01-05 06:39:49'),
(1.00, 'USD', 149, '', 0, '1', 'Completed', '3P899716Y22946051', '2019-01-11 09:39:15'),
(1.00, 'USD', 149, '', 0, '1', 'Completed', '6AL82725J6253361U', '2019-01-30 07:14:14'),
(1.00, 'USD', 149, '', 0, '1', 'Completed', '6AL82725J6253361U', '2019-01-30 07:15:59'),
(1.00, 'USD', 149, '', 0, '1', 'Completed', '6AL82725J6253361U', '2019-01-30 07:16:01'),
(1.00, 'USD', 149, '', 0, '1', 'Completed', '6AL82725J6253361U', '2019-01-30 07:16:01'),
(1.00, 'USD', 149, '', 0, '1', 'Completed', '6E5108137V742691Y', '2019-01-30 07:16:49'),
(1.00, 'USD', 149, '', 0, '1', 'Completed', '6E5108137V742691Y', '2019-01-30 07:17:14'),
(1.00, 'USD', 149, '', 0, '1', 'Completed', '6E5108137V742691Y', '2019-01-30 07:23:56'),
(1.00, 'USD', 149, '', 0, '1', 'Completed', '0BU88651XT007463D', '2019-01-30 07:24:34'),
(1.00, 'USD', 149, '', 0, '1', 'Completed', '0BU88651XT007463D', '2019-01-30 07:25:44'),
(1.00, 'USD', 149, '', 0, '1', 'Completed', '0BU88651XT007463D', '2019-01-30 07:25:55'),
(1.00, 'USD', 149, '', 0, '1', 'Completed', '0BU88651XT007463D', '2019-01-30 07:26:12'),
(1.00, 'USD', 149, '', 0, '1', 'Completed', '0BU88651XT007463D', '2019-01-30 07:26:15'),
(1.00, 'USD', 149, '', 0, '1', 'Completed', '4YK04700KV149540L', '2019-01-30 07:26:57'),
(1.00, 'USD', 149, '', 0, '1', 'Completed', '4YK04700KV149540L', '2019-01-30 07:29:41'),
(1.00, 'USD', 149, '', 0, '1', 'Completed', '5WB68478EB643292X', '2019-01-30 07:30:32');

-- --------------------------------------------------------

--
-- Table structure for table `portinfo`
--

CREATE TABLE `portinfo` (
  `id` bigint(30) NOT NULL,
  `clientID` bigint(30) NOT NULL,
  `portNumber` bigint(20) DEFAULT NULL,
  `portStatus` int(11) NOT NULL,
  `scanType` int(11) NOT NULL,
  `ip` varchar(64) NOT NULL,
  `platform` int(11) NOT NULL,
  `timestamp` timestamp NOT NULL DEFAULT CURRENT_TIMESTAMP ON UPDATE CURRENT_TIMESTAMP
) ENGINE=InnoDB DEFAULT CHARSET=latin1;

--
-- Dumping data for table `portinfo`
--

INSERT INTO `portinfo` (`id`, `clientID`, `portNumber`, `portStatus`, `scanType`, `ip`, `platform`, `timestamp`) VALUES
(1, 155, 80, 0, 1, '10.49.5.194', 1, '2019-02-05 14:08:36'),
(2, 155, 4369, 0, 1, '10.49.5.194', 1, '2019-02-05 14:08:36'),
(3, 155, 5672, 0, 1, '10.49.5.194', 1, '2019-02-05 14:08:36'),
(4, 155, 15672, 0, 1, '10.49.5.194', 1, '2019-02-05 14:08:36'),
(5, 155, 25672, 0, 1, '10.49.5.194', 1, '2019-02-05 14:08:36'),
(6, 155, 34340, 0, 1, '10.49.5.194', 1, '2019-02-05 14:08:36'),
(7, 155, 44644, 0, 1, '10.49.5.194', 1, '2019-02-05 14:08:36'),
(8, 155, 41298, 0, 1, '10.49.5.194', 1, '2019-02-05 14:08:38'),
(9, 155, 50092, 0, 1, '10.49.5.194', 1, '2019-02-05 14:08:38'),
(10, 155, 32788, 0, 1, '10.49.5.194', 1, '2019-02-05 14:08:40');

-- --------------------------------------------------------

--
-- Table structure for table `portscanner`
--

CREATE TABLE `portscanner` (
  `id` bigint(30) NOT NULL,
  `clientID` bigint(30) NOT NULL,
  `ip` varchar(64) NOT NULL,
  `platform` int(11) NOT NULL,
  `timestamp` timestamp NOT NULL DEFAULT CURRENT_TIMESTAMP ON UPDATE CURRENT_TIMESTAMP
) ENGINE=InnoDB DEFAULT CHARSET=latin1;

-- --------------------------------------------------------

--
-- Table structure for table `portscannerlog`
--

CREATE TABLE `portscannerlog` (
  `id` bigint(30) NOT NULL,
  `clientID` bigint(30) NOT NULL,
  `ip` varchar(64) NOT NULL,
  `scantime` varchar(100) NOT NULL,
  `logs` varchar(1000) NOT NULL
) ENGINE=InnoDB DEFAULT CHARSET=latin1;

--
-- Dumping data for table `portscannerlog`
--

INSERT INTO `portscannerlog` (`id`, `clientID`, `ip`, `scantime`, `logs`) VALUES
(1, 149, '192.168.1.158', '2018-12-15 12:56:47.548763', 'test...'),
(2, 149, '192.168.1.139', '2018-12-15 12:56:47.548763', 'test...'),
(3, 149, '192.168.1.173', '2018-12-15 12:56:47.548763', 'test...'),
(4, 149, '192.168.1.158', '2018-12-15 13:00:48.652564', 'test...'),
(5, 149, '192.168.1.139', '2018-12-15 13:00:48.652564', 'test...'),
(6, 149, '192.168.1.158', '2018-12-15 13:04:49.806069', 'test...'),
(7, 149, '192.168.1.139', '2018-12-15 13:04:49.806069', 'test...'),
(8, 149, '192.168.1.173', '2018-12-15 13:04:49.806069', 'test...'),
(9, 149, '192.168.1.158', '2018-12-15 13:08:51.185021', 'test...'),
(10, 149, '192.168.1.139', '2018-12-15 13:08:51.185021', 'test...'),
(11, 149, '192.168.1.158', '2018-12-15 13:12:52.309655', 'test...'),
(12, 149, '192.168.1.139', '2018-12-15 13:12:52.309655', 'test...'),
(13, 149, '192.168.1.173', '2018-12-15 13:12:52.309655', 'test...'),
(14, 149, '192.168.1.158', '2018-12-15 13:16:53.972589', 'test...'),
(15, 149, '192.168.1.139', '2018-12-15 13:16:53.972589', 'test...'),
(16, 149, '192.168.1.158', '2018-12-15 13:20:55.350807', 'test...'),
(17, 149, '192.168.1.139', '2018-12-15 13:20:55.350807', 'test...'),
(18, 149, '192.168.1.173', '2018-12-15 13:20:55.350807', 'test...'),
(19, 149, '192.168.1.158', '2018-12-15 13:24:57.364219', 'test...'),
(20, 149, '192.168.1.139', '2018-12-15 13:24:57.364219', 'test...'),
(21, 149, '192.168.1.158', '2018-12-15 13:28:58.528196', 'test...'),
(22, 149, '192.168.1.139', '2018-12-15 13:28:58.528196', 'test...'),
(23, 149, '192.168.1.173', '2018-12-15 13:28:58.528196', 'test...'),
(24, 149, '192.168.1.158', '2018-12-15 13:32:59.942467', 'test...'),
(25, 149, '192.168.1.139', '2018-12-15 13:32:59.942467', 'test...'),
(26, 149, '192.168.1.158', '2018-12-15 13:37:00.807597', 'test...'),
(27, 149, '192.168.1.139', '2018-12-15 13:37:00.807597', 'test...'),
(28, 149, '192.168.1.173', '2018-12-15 13:37:00.807597', 'test...'),
(29, 149, '192.168.1.158', '2018-12-15 13:41:02.178605', 'test...'),
(30, 149, '192.168.1.139', '2018-12-15 13:41:02.178605', 'test...'),
(31, 149, 'FEDC:BA98:7654:3210:FEDC:BA98:7654:3210', '2019-02-05 12:58:27.285246', 'test...'),
(32, 149, '10.49.5.29', '2019-02-05 12:58:27.285246', 'test...'),
(33, 149, '192.168.1.158', '2019-02-05 12:58:27.285246', 'test...'),
(34, 149, '192.168.1.139', '2019-02-05 12:58:27.285246', 'test...'),
(35, 149, 'FEDC:BA98:7654:3210:FEDC:BA98:7654:3210', '2019-02-05 12:59:27.662212', 'test...'),
(36, 149, '10.49.5.29', '2019-02-05 12:59:27.662212', 'test...'),
(37, 149, '192.168.1.158', '2019-02-05 12:59:27.662212', 'test...'),
(38, 149, '192.168.1.139', '2019-02-05 12:59:27.662212', 'test...'),
(39, 155, '10.49.5.29', '2019-02-05 13:03:03.869704', 'test...'),
(40, 155, '10.49.5.29', '2019-02-05 13:04:04.020639', 'test...'),
(41, 155, '10.49.5.29', '2019-02-05 13:05:04.128466', 'test...'),
(42, 155, '10.49.5.29', '2019-02-05 13:06:04.344451', 'test...'),
(43, 155, '10.49.5.29', '2019-02-05 13:07:04.484552', 'test...'),
(44, 155, '10.49.5.29', '2019-02-05 13:08:04.600969', 'test...'),
(45, 155, '10.49.5.29', '2019-02-05 13:10:04.849847', 'test...'),
(46, 155, '10.49.5.29', '2019-02-05 13:12:05.053428', 'test...'),
(47, 155, '10.49.5.29', '2019-02-05 13:13:05.208746', 'test...'),
(48, 155, '10.49.5.29', '2019-02-05 13:14:05.409753', 'test...'),
(49, 155, '10.49.5.29', '2019-02-05 13:18:08.330004', 'test...'),
(50, 155, '10.49.5.29', '2019-02-05 13:19:08.448612', 'test...'),
(51, 155, '10.49.5.29', '2019-02-05 13:20:08.572885', 'test...'),
(52, 155, '10.49.5.29', '2019-02-05 13:41:24.024802', 'test...'),
(53, 155, '10.49.5.29', '2019-02-05 13:42:24.163885', 'test...'),
(54, 155, '10.49.5.29', '2019-02-05 13:43:24.265412', 'test...'),
(55, 155, '10.49.5.29', '2019-02-05 13:44:24.463755', 'test...'),
(56, 155, '10.49.5.29', '2019-02-05 13:45:24.623101', 'test...'),
(57, 155, '10.49.5.29', '2019-02-05 13:47:24.782465', 'test...'),
(58, 155, '10.49.5.29', '2019-02-05 13:49:25.028770', 'test...'),
(59, 155, '10.49.5.29', '2019-02-05 13:50:25.180800', 'test...'),
(60, 155, '10.49.5.29', '2019-02-05 13:51:25.340722', 'test...'),
(61, 155, '10.49.5.29', '2019-02-05 13:52:25.505065', 'test...'),
(62, 155, '10.49.5.29', '2019-02-05 13:53:34.426076', 'test...'),
(63, 155, '10.49.5.29', '2019-02-05 13:56:19.616394', 'test...'),
(64, 155, '10.49.5.29', '2019-02-05 13:58:19.832822', 'test...'),
(65, 155, '10.49.5.194', '2019-02-05 14:04:02.306959', 'test...'),
(66, 155, '10.49.5.194', '2019-02-05 14:05:02.449555', 'test...'),
(67, 155, '10.49.5.194', '2019-02-05 14:06:02.612243', 'test...'),
(68, 155, '10.49.5.194', '2019-02-05 14:08:02.808791', 'test...'),
(69, 155, '10.49.5.194', '2019-02-05 14:10:03.013834', 'test...');

-- --------------------------------------------------------

--
-- Table structure for table `products`
--

CREATE TABLE `products` (
  `id` int(11) NOT NULL,
  `name` varchar(255) COLLATE utf8_unicode_ci NOT NULL,
  `image` varchar(200) COLLATE utf8_unicode_ci NOT NULL,
  `price` float(10,2) NOT NULL,
  `status` int(11) DEFAULT NULL
) ENGINE=InnoDB DEFAULT CHARSET=utf8 COLLATE=utf8_unicode_ci;

--
-- Dumping data for table `products`
--

INSERT INTO `products` (`id`, `name`, `image`, `price`, `status`) VALUES
(1, 'watch7', 'C:\\xampp\\htdocs\\watch7\\assets\\common\\img', 1.00, 1),
(2, 'advance', 'C:xampphtdocswatch7assetsimages', 200.00, 2);

-- --------------------------------------------------------

--
-- Table structure for table `scansystem`
--

CREATE TABLE `scansystem` (
  `id` bigint(30) NOT NULL,
  `clientID` bigint(30) NOT NULL,
  `ip` varchar(64) NOT NULL,
  `scanDuration` int(11) NOT NULL,
  `status` tinyint(1) NOT NULL,
  `timestamp` timestamp NOT NULL DEFAULT CURRENT_TIMESTAMP ON UPDATE CURRENT_TIMESTAMP
) ENGINE=InnoDB DEFAULT CHARSET=latin1;

--
-- Dumping data for table `scansystem`
--

INSERT INTO `scansystem` (`id`, `clientID`, `ip`, `scanDuration`, `status`, `timestamp`) VALUES
(1, 155, '10.49.5.194', 1, 0, '2019-02-05 08:40:03');

-- --------------------------------------------------------

--
-- Table structure for table `tbl_config`
--

CREATE TABLE `tbl_config` (
  `id` bigint(30) NOT NULL,
  `clientID` bigint(30) NOT NULL,
  `ip` varchar(64) NOT NULL,
  `command` varchar(1000) DEFAULT NULL,
  `result` varchar(20000) DEFAULT NULL,
  `timestamp` timestamp NOT NULL DEFAULT CURRENT_TIMESTAMP ON UPDATE CURRENT_TIMESTAMP
) ENGINE=InnoDB DEFAULT CHARSET=latin1;

-- --------------------------------------------------------

--
-- Table structure for table `unauthorisedaccess`
--

CREATE TABLE `unauthorisedaccess` (
  `id` bigint(30) NOT NULL,
  `clientID` bigint(20) NOT NULL,
  `ip` varchar(64) NOT NULL,
  `method` varchar(10) NOT NULL,
  `locale` varchar(60) NOT NULL,
  `log` varchar(300) NOT NULL,
  `responseCode` int(8) NOT NULL,
  `requestURL` varchar(100) NOT NULL,
  `timestamp` varchar(60) NOT NULL
) ENGINE=InnoDB DEFAULT CHARSET=latin1;

--
-- Indexes for dumped tables
--

--
-- Indexes for table `authentication`
--
ALTER TABLE `authentication`
  ADD PRIMARY KEY (`id`),
  ADD KEY `authentication_ibfk_1` (`clientID`);

--
-- Indexes for table `clients`
--
ALTER TABLE `clients`
  ADD PRIMARY KEY (`id`),
  ADD UNIQUE KEY `email` (`email`);

--
-- Indexes for table `cmd`
--
ALTER TABLE `cmd`
  ADD PRIMARY KEY (`id`);

--
-- Indexes for table `file_upload`
--
ALTER TABLE `file_upload`
  ADD PRIMARY KEY (`id`);

--
-- Indexes for table `ftp`
--
ALTER TABLE `ftp`
  ADD PRIMARY KEY (`id`),
  ADD KEY `fk_ftp` (`clientID`);

--
-- Indexes for table `logagent`
--
ALTER TABLE `logagent`
  ADD PRIMARY KEY (`id`),
  ADD KEY `logaibfk_1` (`clientID`);

--
-- Indexes for table `logdetails`
--
ALTER TABLE `logdetails`
  ADD PRIMARY KEY (`id`),
  ADD KEY `fk_logdetails` (`clientID`);

--
-- Indexes for table `logs`
--
ALTER TABLE `logs`
  ADD PRIMARY KEY (`id`);

--
-- Indexes for table `log_action_details`
--
ALTER TABLE `log_action_details`
  ADD PRIMARY KEY (`id`),
  ADD UNIQUE KEY `action_id` (`action_id`);

--
-- Indexes for table `notification`
--
ALTER TABLE `notification`
  ADD PRIMARY KEY (`id`),
  ADD KEY `fk_notification` (`clientID`);

--
-- Indexes for table `portinfo`
--
ALTER TABLE `portinfo`
  ADD PRIMARY KEY (`id`),
  ADD KEY `clientID` (`clientID`);

--
-- Indexes for table `portscanner`
--
ALTER TABLE `portscanner`
  ADD PRIMARY KEY (`id`),
  ADD UNIQUE KEY `unique_constraint_clientID_ip` (`clientID`,`ip`);

--
-- Indexes for table `portscannerlog`
--
ALTER TABLE `portscannerlog`
  ADD PRIMARY KEY (`id`),
  ADD KEY `clientID` (`clientID`);

--
-- Indexes for table `products`
--
ALTER TABLE `products`
  ADD PRIMARY KEY (`id`);

--
-- Indexes for table `scansystem`
--
ALTER TABLE `scansystem`
  ADD PRIMARY KEY (`id`),
  ADD UNIQUE KEY `unique_constraint_clientID_ip` (`clientID`,`ip`);

--
-- Indexes for table `tbl_config`
--
ALTER TABLE `tbl_config`
  ADD PRIMARY KEY (`id`),
  ADD KEY `tbl_configfk` (`clientID`);

--
-- Indexes for table `unauthorisedaccess`
--
ALTER TABLE `unauthorisedaccess`
  ADD PRIMARY KEY (`id`),
  ADD KEY `fk_unauthorisedaccess` (`clientID`);

--
-- AUTO_INCREMENT for dumped tables
--

--
-- AUTO_INCREMENT for table `authentication`
--
ALTER TABLE `authentication`
  MODIFY `id` bigint(18) NOT NULL AUTO_INCREMENT, AUTO_INCREMENT=4;
--
-- AUTO_INCREMENT for table `clients`
--
ALTER TABLE `clients`
  MODIFY `id` bigint(18) NOT NULL AUTO_INCREMENT, AUTO_INCREMENT=156;
--
-- AUTO_INCREMENT for table `cmd`
--
ALTER TABLE `cmd`
  MODIFY `id` bigint(18) NOT NULL AUTO_INCREMENT, AUTO_INCREMENT=217;
--
-- AUTO_INCREMENT for table `file_upload`
--
ALTER TABLE `file_upload`
  MODIFY `id` bigint(18) NOT NULL AUTO_INCREMENT, AUTO_INCREMENT=8;
--
-- AUTO_INCREMENT for table `ftp`
--
ALTER TABLE `ftp`
  MODIFY `id` int(11) NOT NULL AUTO_INCREMENT, AUTO_INCREMENT=3;
--
-- AUTO_INCREMENT for table `logagent`
--
ALTER TABLE `logagent`
  MODIFY `id` bigint(18) NOT NULL AUTO_INCREMENT, AUTO_INCREMENT=5;
--
-- AUTO_INCREMENT for table `logdetails`
--
ALTER TABLE `logdetails`
  MODIFY `id` bigint(18) NOT NULL AUTO_INCREMENT, AUTO_INCREMENT=1724;
--
-- AUTO_INCREMENT for table `logs`
--
ALTER TABLE `logs`
  MODIFY `id` int(6) UNSIGNED NOT NULL AUTO_INCREMENT;
--
-- AUTO_INCREMENT for table `log_action_details`
--
ALTER TABLE `log_action_details`
  MODIFY `id` bigint(18) NOT NULL AUTO_INCREMENT, AUTO_INCREMENT=10;
--
-- AUTO_INCREMENT for table `notification`
--
ALTER TABLE `notification`
  MODIFY `id` bigint(30) NOT NULL AUTO_INCREMENT, AUTO_INCREMENT=12;
--
-- AUTO_INCREMENT for table `portinfo`
--
ALTER TABLE `portinfo`
  MODIFY `id` bigint(30) NOT NULL AUTO_INCREMENT, AUTO_INCREMENT=11;
--
-- AUTO_INCREMENT for table `portscanner`
--
ALTER TABLE `portscanner`
  MODIFY `id` bigint(30) NOT NULL AUTO_INCREMENT;
--
-- AUTO_INCREMENT for table `portscannerlog`
--
ALTER TABLE `portscannerlog`
  MODIFY `id` bigint(30) NOT NULL AUTO_INCREMENT, AUTO_INCREMENT=70;
--
-- AUTO_INCREMENT for table `products`
--
ALTER TABLE `products`
  MODIFY `id` int(11) NOT NULL AUTO_INCREMENT, AUTO_INCREMENT=3;
--
-- AUTO_INCREMENT for table `scansystem`
--
ALTER TABLE `scansystem`
  MODIFY `id` bigint(30) NOT NULL AUTO_INCREMENT, AUTO_INCREMENT=2;
--
-- AUTO_INCREMENT for table `tbl_config`
--
ALTER TABLE `tbl_config`
  MODIFY `id` bigint(30) NOT NULL AUTO_INCREMENT;
--
-- AUTO_INCREMENT for table `unauthorisedaccess`
--
ALTER TABLE `unauthorisedaccess`
  MODIFY `id` bigint(30) NOT NULL AUTO_INCREMENT;
--
-- Constraints for dumped tables
--

--
-- Constraints for table `authentication`
--
ALTER TABLE `authentication`
  ADD CONSTRAINT `authentication_ibfk_1` FOREIGN KEY (`clientID`) REFERENCES `clients` (`id`);

--
-- Constraints for table `logagent`
--
ALTER TABLE `logagent`
  ADD CONSTRAINT `logaibfk_1` FOREIGN KEY (`clientID`) REFERENCES `clients` (`id`);

--
-- Constraints for table `logdetails`
--
ALTER TABLE `logdetails`
  ADD CONSTRAINT `fk_logdetails` FOREIGN KEY (`clientID`) REFERENCES `clients` (`id`);

--
-- Constraints for table `notification`
--
ALTER TABLE `notification`
  ADD CONSTRAINT `fk_notification` FOREIGN KEY (`clientID`) REFERENCES `clients` (`id`);

--
-- Constraints for table `portinfo`
--
ALTER TABLE `portinfo`
  ADD CONSTRAINT `portinfo_ibfk_1` FOREIGN KEY (`clientID`) REFERENCES `clients` (`id`);

--
-- Constraints for table `portscanner`
--
ALTER TABLE `portscanner`
  ADD CONSTRAINT `portscanner_ibfk_1` FOREIGN KEY (`clientID`) REFERENCES `clients` (`id`);

--
-- Constraints for table `portscannerlog`
--
ALTER TABLE `portscannerlog`
  ADD CONSTRAINT `portscannerlog_ibfk_1` FOREIGN KEY (`clientID`) REFERENCES `clients` (`id`);

--
-- Constraints for table `scansystem`
--
ALTER TABLE `scansystem`
  ADD CONSTRAINT `scansystem_ibfk_1` FOREIGN KEY (`clientID`) REFERENCES `clients` (`id`);

--
-- Constraints for table `tbl_config`
--
ALTER TABLE `tbl_config`
  ADD CONSTRAINT `tbl_configfk` FOREIGN KEY (`clientID`) REFERENCES `clients` (`id`);

--
-- Constraints for table `unauthorisedaccess`
--
ALTER TABLE `unauthorisedaccess`
  ADD CONSTRAINT `fk_unauthorisedaccess` FOREIGN KEY (`clientID`) REFERENCES `clients` (`id`);

/*!40101 SET CHARACTER_SET_CLIENT=@OLD_CHARACTER_SET_CLIENT */;
/*!40101 SET CHARACTER_SET_RESULTS=@OLD_CHARACTER_SET_RESULTS */;
/*!40101 SET COLLATION_CONNECTION=@OLD_COLLATION_CONNECTION */;
